Date	Close	Open	High	Low	Volume	Change %
"Dec 20, 2019"	1.140	1.150	1.160	1.140	906500	-0.87
"Dec 19, 2019"	1.150	1.160	1.170	1.140	10700000	-1.71
"Dec 18, 2019"	1.170	1.150	1.170	1.140	12230000	1.74
"Dec 17, 2019"	1.150	1.170	1.190	1.140	29170000	-0.86
"Dec 16, 2019"	1.160	1.170	1.180	1.140	20620000	-0.85
"Dec 13, 2019"	1.170	1.100	1.180	1.100	49520000	6.36
"Dec 12, 2019"	1.100	1.100	1.110	1.080	17350000	0.00
"Dec 11, 2019"	1.100	1.110	1.120	1.070	28360000	-1.79
"Dec 10, 2019"	1.120	1.140	1.140	1.100	19970000	-1.75
"Dec 09, 2019"	1.140	1.140	1.160	1.130	10190000	-0.87
"Dec 06, 2019"	1.150	1.160	1.160	1.130	12000000	-0.86
"Dec 05, 2019"	1.160	1.150	1.160	1.140	11820000	0.87
"Dec 04, 2019"	1.150	1.140	1.160	1.130	14150000	0.00
"Dec 03, 2019"	1.150	1.180	1.180	1.150	18210000	-2.54
"Dec 02, 2019"	1.180	1.180	1.190	1.160	14120000	0.00
"Nov 29, 2019"	1.180	1.210	1.220	1.160	16350000	0.00
"Nov 28, 2019"	1.180	1.200	1.200	1.180	8130000	-1.67
"Nov 27, 2019"	1.200	1.210	1.220	1.180	13740000	-0.83
"Nov 26, 2019"	1.210	1.260	1.260	1.190	20230000	-3.20
"Nov 25, 2019"	1.250	1.230	1.270	1.230	38430000	2.46
"Nov 22, 2019"	1.220	1.220	1.250	1.210	30780000	0.83
"Nov 21, 2019"	1.210	1.190	1.240	1.190	63740000	3.42
"Nov 20, 2019"	1.170	1.170	1.190	1.160	10780000	0.00
"Nov 19, 2019"	1.170	1.180	1.180	1.160	10610000	-0.85
"Nov 18, 2019"	1.180	1.180	1.180	1.160	15180000	1.72
"Nov 15, 2019"	1.160	1.180	1.180	1.160	16300000	-1.69
"Nov 14, 2019"	1.180	1.150	1.200	1.150	20210000	2.61
"Nov 13, 2019"	1.150	1.160	1.170	1.140	10710000	-0.86
"Nov 12, 2019"	1.160	1.180	1.180	1.150	14320000	-0.85
"Nov 11, 2019"	1.170	1.190	1.200	1.160	15930000	-0.85
"Nov 08, 2019"	1.180	1.190	1.210	1.180	19940000	0.85
"Nov 07, 2019"	1.170	1.190	1.190	1.150	22940000	-0.85
"Nov 06, 2019"	1.180	1.180	1.230	1.160	41670000	0.00
"Nov 05, 2019"	1.180	1.130	1.190	1.100	44210000	5.36
"Nov 04, 2019"	1.120	1.160	1.170	1.120	24390000	-2.61
"Nov 01, 2019"	1.150	1.150	1.160	1.140	16590000	0.88
"Oct 31, 2019"	1.140	1.060	1.170	1.060	77960000	7.55
"Oct 30, 2019"	1.060	1.140	1.140	1.050	52170000	-7.02
"Oct 29, 2019"	1.140	1.200	1.200	1.140	25560000	-4.20
"Oct 25, 2019"	1.190	1.200	1.210	1.190	20240000	0.00
"Oct 24, 2019"	1.190	1.200	1.220	1.180	19420000	0.00
"Oct 23, 2019"	1.190	1.240	1.240	1.170	35900000	-4.03
"Oct 22, 2019"	1.240	1.250	1.260	1.220	23300000	-0.80
"Oct 21, 2019"	1.250	1.270	1.290	1.240	12970000	-0.79
"Oct 18, 2019"	1.260	1.220	1.310	1.160	84190000	0.80
"Oct 17, 2019"	1.250	1.400	1.410	1.250	60670000	-10.71
"Oct 16, 2019"	1.400	1.430	1.430	1.390	21730000	-1.41
"Oct 15, 2019"	1.420	1.440	1.440	1.410	18100000	-1.39
"Oct 14, 2019"	1.440	1.440	1.460	1.430	8610000	0.70
"Oct 11, 2019"	1.430	1.440	1.450	1.420	4670000	0.00
"Oct 10, 2019"	1.430	1.410	1.450	1.410	8910000	1.42
"Oct 09, 2019"	1.410	1.450	1.470	1.400	9580000	-3.42
"Oct 08, 2019"	1.460	1.420	1.490	1.400	19550000	2.82
"Oct 07, 2019"	1.420	1.420	1.430	1.400	6350000	0.00
"Oct 04, 2019"	1.420	1.410	1.420	1.410	5540000	0.00
"Oct 03, 2019"	1.420	1.400	1.420	1.390	11300000	0.71
"Oct 02, 2019"	1.410	1.410	1.410	1.390	4160000	0.00
"Oct 01, 2019"	1.410	1.400	1.420	1.400	5810000	0.71
"Sep 30, 2019"	1.400	1.430	1.430	1.390	6800000	-1.41
"Sep 27, 2019"	1.420	1.440	1.440	1.410	7400000	-0.70
"Sep 26, 2019"	1.430	1.440	1.440	1.420	8700000	0.00
"Sep 25, 2019"	1.430	1.420	1.450	1.420	8820000	0.00
"Sep 24, 2019"	1.430	1.430	1.450	1.420	9270000	0.00
"Sep 23, 2019"	1.430	1.450	1.450	1.410	11110000	-0.69
"Sep 20, 2019"	1.440	1.440	1.460	1.430	14800000	0.00
"Sep 19, 2019"	1.440	1.460	1.470	1.430	7490000	-1.37
"Sep 18, 2019"	1.460	1.460	1.470	1.450	8660000	0.69
"Sep 17, 2019"	1.450	1.450	1.470	1.440	5870000	-0.68
"Sep 13, 2019"	1.460	1.420	1.470	1.410	14380000	2.82
"Sep 12, 2019"	1.420	1.440	1.440	1.420	5920000	-0.70
"Sep 11, 2019"	1.430	1.420	1.440	1.400	13800000	0.70
"Sep 10, 2019"	1.420	1.420	1.440	1.410	6690000	0.00
"Sep 06, 2019"	1.420	1.440	1.450	1.420	5190000	-0.70
"Sep 05, 2019"	1.430	1.410	1.450	1.400	16850000	1.42
"Sep 04, 2019"	1.410	1.380	1.420	1.380	16400000	2.17
"Sep 03, 2019"	1.380	1.420	1.420	1.380	8490000	-2.82
"Aug 30, 2019"	1.420	1.390	1.430	1.380	13790000	4.41
"Aug 29, 2019"	1.360	1.380	1.390	1.350	12340000	-1.45
"Aug 28, 2019"	1.380	1.390	1.400	1.360	11800000	-0.72
"Aug 27, 2019"	1.390	1.400	1.420	1.390	9600000	0.00
"Aug 26, 2019"	1.390	1.440	1.440	1.380	21770000	-4.14
"Aug 23, 2019"	1.450	1.470	1.470	1.450	10180000	-0.68
"Aug 22, 2019"	1.460	1.440	1.480	1.430	12970000	2.10
"Aug 21, 2019"	1.430	1.450	1.470	1.420	20700000	-2.05
"Aug 20, 2019"	1.460	1.470	1.480	1.450	10200000	0.00
"Aug 19, 2019"	1.460	1.480	1.500	1.460	17860000	-0.68
"Aug 16, 2019"	1.470	1.490	1.490	1.460	8770000	-0.68
"Aug 15, 2019"	1.480	1.450	1.500	1.440	15920000	0.00
"Aug 14, 2019"	1.480	1.520	1.530	1.470	16270000	-1.33
"Aug 13, 2019"	1.500	1.520	1.520	1.480	11560000	-1.96
"Aug 09, 2019"	1.530	1.510	1.550	1.500	26670000	2.00
"Aug 08, 2019"	1.500	1.490	1.520	1.480	15960000	0.67
"Aug 07, 2019"	1.490	1.510	1.510	1.470	18190000	-1.32
"Aug 06, 2019"	1.510	1.500	1.530	1.470	45140000	-1.95
"Aug 05, 2019"	1.540	1.580	1.590	1.500	20430000	-3.14
"Aug 02, 2019"	1.590	1.580	1.600	1.570	11830000	-0.62
"Aug 01, 2019"	1.600	1.530	1.610	1.530	12350000	3.23
"Jul 31, 2019"	1.550	1.580	1.600	1.550	15530000	-2.52
"Jul 29, 2019"	1.590	1.610	1.630	1.580	19690000	-1.85
"Jul 26, 2019"	1.620	1.660	1.660	1.620	10530000	-1.82
"Jul 25, 2019"	1.650	1.660	1.670	1.640	14470000	-0.60
"Jul 24, 2019"	1.660	1.680	1.690	1.640	17100000	-1.19
"Jul 23, 2019"	1.680	1.620	1.700	1.620	59180000	4.35
"Jul 22, 2019"	1.610	1.570	1.620	1.560	16310000	1.90
"Jul 19, 2019"	1.580	1.550	1.590	1.550	13300000	1.94
"Jul 18, 2019"	1.550	1.560	1.580	1.540	10300000	-1.27
"Jul 17, 2019"	1.570	1.590	1.600	1.550	17300000	-1.26
"Jul 16, 2019"	1.590	1.530	1.600	1.520	36130000	4.61
"Jul 15, 2019"	1.520	1.540	1.550	1.510	20840000	-0.65
"Jul 12, 2019"	1.530	1.510	1.570	1.500	58640000	2.68
"Jul 11, 2019"	1.490	1.470	1.520	1.460	55960000	2.05
"Jul 10, 2019"	1.460	1.480	1.490	1.460	6360000	-1.35
"Jul 09, 2019"	1.480	1.490	1.500	1.470	8100000	0.00
"Jul 08, 2019"	1.480	1.490	1.500	1.450	11680000	-0.67
"Jul 05, 2019"	1.490	1.500	1.520	1.480	14400000	-0.67
"Jul 04, 2019"	1.500	1.490	1.530	1.480	27900000	1.35
"Jul 03, 2019"	1.480	1.490	1.500	1.480	6670000	0.00
"Jul 02, 2019"	1.480	1.500	1.530	1.480	18580000	-2.63
"Jul 01, 2019"	1.520	1.500	1.550	1.490	36410000	2.70
"Jun 28, 2019"	1.480	1.470	1.490	1.450	16620000	0.68
"Jun 27, 2019"	1.470	1.430	1.470	1.430	20610000	2.80
"Jun 26, 2019"	1.430	1.420	1.450	1.410	13800000	-0.69
"Jun 25, 2019"	1.440	1.410	1.440	1.410	8100000	2.13
"Jun 24, 2019"	1.410	1.450	1.460	1.410	16850000	-3.42
"Jun 21, 2019"	1.460	1.430	1.490	1.420	52190000	2.10
"Jun 20, 2019"	1.430	1.400	1.440	1.390	35500000	2.88
"Jun 19, 2019"	1.390	1.430	1.440	1.390	23530000	-2.11
"Jun 18, 2019"	1.420	1.390	1.420	1.380	24660000	2.16
"Jun 17, 2019"	1.390	1.450	1.450	1.380	32250000	-3.47
"Jun 14, 2019"	1.440	1.480	1.490	1.430	28200000	-2.70
"Jun 13, 2019"	1.480	1.500	1.540	1.460	27990000	-1.33
"Jun 12, 2019"	1.500	1.500	1.510	1.470	11950000	-0.66
"Jun 11, 2019"	1.510	1.530	1.530	1.500	11760000	-1.31
"Jun 10, 2019"	1.530	1.450	1.540	1.440	39400000	6.99
"Jun 07, 2019"	1.430	1.410	1.440	1.410	13150000	2.14
"Jun 04, 2019"	1.400	1.400	1.410	1.380	6460000	0.00
"Jun 03, 2019"	1.400	1.380	1.420	1.370	14500000	0.72
"May 31, 2019"	1.390	1.410	1.440	1.390	15440000	-2.80
"May 30, 2019"	1.430	1.370	1.440	1.350	34780000	4.38
"May 29, 2019"	1.370	1.360	1.400	1.350	17760000	0.74
"May 28, 2019"	1.360	1.390	1.410	1.350	16730000	-0.73
"May 27, 2019"	1.370	1.410	1.430	1.370	13370000	-2.84
"May 24, 2019"	1.410	1.340	1.410	1.330	15380000	4.44
"May 23, 2019"	1.350	1.410	1.410	1.350	22220000	-4.26
"May 21, 2019"	1.410	1.440	1.470	1.410	21450000	-2.76
"May 17, 2019"	1.450	1.470	1.510	1.440	26830000	-0.68
"May 16, 2019"	1.460	1.430	1.470	1.420	10200000	2.10
"May 15, 2019"	1.430	1.440	1.480	1.410	36190000	1.42
"May 14, 2019"	1.410	1.340	1.430	1.300	42680000	3.68
"May 13, 2019"	1.360	1.420	1.420	1.340	27530000	-4.23
"May 10, 2019"	1.420	1.440	1.470	1.400	17420000	0.00
"May 09, 2019"	1.420	1.470	1.480	1.410	12630000	-2.74
"May 08, 2019"	1.460	1.470	1.530	1.460	26850000	-3.31
"May 07, 2019"	1.510	1.420	1.520	1.420	46440000	7.86
"May 06, 2019"	1.400	1.390	1.420	1.350	22880000	-1.41
"May 03, 2019"	1.420	1.410	1.460	1.380	43720000	0.00
"May 02, 2019"	1.420	1.500	1.500	1.400	32660000	-5.33
"Apr 30, 2019"	1.500	1.520	1.560	1.490	20500000	-1.32
"Apr 29, 2019"	1.520	1.630	1.630	1.510	37430000	-6.17
"Apr 26, 2019"	1.620	1.660	1.660	1.620	15170000	-1.82
"Apr 25, 2019"	1.650	1.690	1.700	1.640	15270000	-1.79
"Apr 24, 2019"	1.680	1.700	1.750	1.680	23950000	-1.18
"Apr 23, 2019"	1.700	1.660	1.700	1.640	20500000	1.80
"Apr 22, 2019"	1.670	1.620	1.700	1.610	41280000	3.73
"Apr 19, 2019"	1.610	1.570	1.630	1.560	34370000	2.55
"Apr 18, 2019"	1.570	1.560	1.580	1.550	14490000	0.64
"Apr 17, 2019"	1.560	1.560	1.570	1.530	10720000	0.00
"Apr 16, 2019"	1.560	1.540	1.600	1.520	40680000	1.30
"Apr 15, 2019"	1.540	1.580	1.580	1.520	14640000	-1.91
"Apr 12, 2019"	1.570	1.590	1.600	1.560	10910000	0.00
"Apr 11, 2019"	1.570	1.600	1.610	1.550	20410000	-1.87
"Apr 10, 2019"	1.600	1.570	1.630	1.560	37400000	1.27
"Apr 09, 2019"	1.580	1.590	1.610	1.560	46600000	-0.63
"Apr 08, 2019"	1.590	1.510	1.610	1.470	61200000	3.92
"Apr 05, 2019"	1.530	1.530	1.570	1.520	37930000	0.00
"Apr 04, 2019"	1.530	1.410	1.540	1.410	78670000	7.75
"Apr 03, 2019"	1.420	1.450	1.480	1.370	138660000	-2.74
"Apr 02, 2019"	1.460	1.460	1.490	1.450	37860000	0.00
"Apr 01, 2019"	1.460	1.410	1.460	1.380	63250000	3.55
"Mar 29, 2019"	1.410	1.440	1.460	1.400	36480000	-2.08
"Mar 28, 2019"	1.440	1.380	1.450	1.360	71480000	3.60
"Mar 27, 2019"	1.390	1.400	1.420	1.380	35950000	-0.71
"Mar 26, 2019"	1.400	1.330	1.420	1.320	81370000	5.26
"Mar 25, 2019"	1.330	1.350	1.400	1.320	80290000	-4.32
"Mar 22, 2019"	1.390	1.320	1.390	1.320	119760000	6.92
"Mar 21, 2019"	1.300	1.250	1.300	1.240	42590000	4.00
"Mar 20, 2019"	1.250	1.250	1.260	1.210	26390000	0.00
"Mar 19, 2019"	1.250	1.280	1.280	1.240	28800000	-2.34
"Mar 18, 2019"	1.280	1.300	1.300	1.260	22640000	-0.78
"Mar 15, 2019"	1.290	1.280	1.300	1.250	43250000	0.78
"Mar 14, 2019"	1.280	1.300	1.340	1.270	86170000	0.79
"Mar 13, 2019"	1.270	1.300	1.310	1.250	57270000	-1.55
"Mar 12, 2019"	1.290	1.240	1.330	1.240	140330000	4.88
"Mar 11, 2019"	1.230	1.200	1.240	1.200	43490000	3.36
"Mar 08, 2019"	1.190	1.220	1.250	1.180	89660000	-3.25
"Mar 07, 2019"	1.230	1.200	1.290	1.170	199440000	3.36
"Mar 06, 2019"	1.190	1.030	1.240	1.030	263860000	17.82
"Mar 05, 2019"	1.010	1.020	1.050	1.010	33940000	1.00
"Mar 04, 2019"	1.000	1.010	1.020	0.995	29620000	-1.96
"Mar 01, 2019"	1.020	1.010	1.020	0.995	25710000	0.99
"Feb 28, 2019"	1.010	1.020	1.020	0.990	29350000	0.00
"Feb 27, 2019"	1.010	1.060	1.070	1.000	37950000	-1.94
"Feb 26, 2019"	1.030	1.010	1.030	0.990	31540000	0.98
"Feb 25, 2019"	1.020	1.030	1.030	1.010	28150000	0.00
"Feb 22, 2019"	1.020	1.050	1.050	1.020	13930000	-2.86
"Feb 21, 2019"	1.050	1.060	1.070	1.040	22540000	0.00
"Feb 20, 2019"	1.050	1.020	1.060	1.010	28190000	2.94
"Feb 19, 2019"	1.020	1.030	1.030	1.000	30750000	-0.97
"Feb 18, 2019"	1.030	1.040	1.060	1.020	15130000	0.00
"Feb 15, 2019"	1.030	1.040	1.070	1.020	37290000	0.00
"Feb 14, 2019"	1.030	1.000	1.040	0.995	58500000	3.00
"Feb 13, 2019"	1.000	0.990	1.020	0.985	53870000	1.52
"Feb 12, 2019"	0.985	0.980	0.995	0.980	25350000	0.51
"Feb 11, 2019"	0.980	0.985	0.990	0.970	35530000	-1.01
"Feb 08, 2019"	0.990	0.980	1.000	0.975	31700000	1.02
"Feb 07, 2019"	0.980	0.995	1.000	0.975	22190000	-2.00
"Feb 04, 2019"	1.000	1.000	1.000	0.980	8290000	0.00
"Jan 31, 2019"	1.000	0.990	1.010	0.980	17360000	2.04
"Jan 30, 2019"	0.980	0.990	1.000	0.975	21630000	-1.01
"Jan 29, 2019"	0.990	1.000	1.010	0.980	11510000	-1.00
"Jan 28, 2019"	1.000	1.020	1.030	0.970	26400000	-1.96
"Jan 25, 2019"	1.020	1.000	1.040	0.980	46600000	2.00
"Jan 24, 2019"	1.000	1.020	1.030	0.970	49560000	-1.96
"Jan 23, 2019"	1.020	0.980	1.020	0.960	22710000	5.15
"Jan 22, 2019"	0.970	1.020	1.040	0.960	51460000	-3.96
"Jan 18, 2019"	1.010	1.070	1.080	1.000	65500000	-5.61
"Jan 17, 2019"	1.070	1.120	1.140	1.050	72480000	-0.93
"Jan 16, 2019"	1.080	1.060	1.100	1.050	56120000	2.86
"Jan 15, 2019"	1.050	1.050	1.070	1.040	26970000	0.00
"Jan 14, 2019"	1.050	1.060	1.080	1.030	35120000	0.00
"Jan 11, 2019"	1.050	1.080	1.110	1.030	47200000	-2.78
"Jan 10, 2019"	1.080	1.050	1.110	1.050	81120000	2.86
"Jan 09, 2019"	1.050	0.960	1.060	0.955	91100000	9.95
"Jan 08, 2019"	0.955	0.950	0.960	0.940	27780000	0.53
"Jan 07, 2019"	0.950	0.965	0.975	0.945	45190000	0.53
"Jan 04, 2019"	0.945	0.935	0.965	0.930	13330000	0.53
"Jan 03, 2019"	0.940	0.965	0.970	0.925	20770000	-1.05
"Jan 02, 2019"	0.950	0.980	0.980	0.930	50790000	-2.56
"Dec 31, 2018"	0.975	0.975	1.000	0.970	35990000	0.00
"Dec 28, 2018"	0.975	0.970	0.980	0.955	21100000	1.04
"Dec 27, 2018"	0.965	0.985	0.990	0.955	51300000	3.76
"Dec 26, 2018"	0.930	0.865	0.930	0.865	57420000	6.29
"Dec 24, 2018"	0.875	0.835	0.880	0.830	55750000	6.06
"Dec 21, 2018"	0.825	0.810	0.840	0.800	38740000	0.61
"Dec 20, 2018"	0.820	0.830	0.855	0.815	25500000	-2.96
"Dec 19, 2018"	0.845	0.815	0.855	0.810	44560000	3.68
"Dec 18, 2018"	0.815	0.865	0.865	0.790	78560000	-6.86
"Dec 17, 2018"	0.875	0.910	0.910	0.870	38530000	-3.85
"Dec 14, 2018"	0.910	0.935	0.940	0.905	27950000	-1.62
"Dec 13, 2018"	0.925	0.875	0.940	0.865	106810000	10.12
"Dec 12, 2018"	0.840	1.030	1.030	0.840	231860000	-16.83
"Dec 11, 2018"	1.010	1.060	1.090	1.010	48430000	-3.81
"Dec 10, 2018"	1.050	1.160	1.160	1.040	47480000	-7.89
"Dec 07, 2018"	1.140	1.150	1.170	1.040	80100000	-0.87
"Dec 06, 2018"	1.150	1.210	1.210	1.150	28300000	-4.96
"Dec 05, 2018"	1.210	1.180	1.220	1.170	21240000	0.00
"Dec 04, 2018"	1.210	1.220	1.240	1.170	42460000	-0.82
"Dec 03, 2018"	1.220	1.160	1.240	1.160	81830000	9.91
"Nov 30, 2018"	1.110	1.010	1.200	1.000	338830000	5.71
"Nov 29, 2018"	1.050	1.100	1.100	1.040	52480000	-2.78
"Nov 28, 2018"	1.080	1.090	1.110	1.070	23420000	0.00
"Nov 27, 2018"	1.080	1.130	1.140	1.080	34970000	-2.70
"Nov 26, 2018"	1.110	1.110	1.160	1.090	54790000	-0.89
"Nov 23, 2018"	1.120	1.090	1.120	1.050	47390000	1.82
"Nov 22, 2018"	1.100	1.120	1.120	1.080	34900000	-1.79
"Nov 21, 2018"	1.120	1.110	1.140	1.100	64290000	-2.61
"Nov 19, 2018"	1.150	1.130	1.170	1.100	33370000	1.77
"Nov 16, 2018"	1.130	1.180	1.190	1.120	52820000	-4.24
"Nov 15, 2018"	1.180	1.180	1.200	1.160	40810000	0.00
"Nov 14, 2018"	1.180	1.260	1.260	1.160	76740000	-6.35
"Nov 13, 2018"	1.260	1.190	1.260	1.180	21410000	3.28
"Nov 12, 2018"	1.220	1.260	1.260	1.200	18630000	-3.17
"Nov 09, 2018"	1.260	1.280	1.290	1.190	33320000	-1.56
"Nov 08, 2018"	1.280	1.340	1.360	1.250	38860000	-3.03
"Nov 07, 2018"	1.320	1.350	1.370	1.300	26930000	-2.22
"Nov 05, 2018"	1.350	1.370	1.380	1.320	15750000	0.00
"Nov 02, 2018"	1.350	1.310	1.380	1.300	47400000	4.65
"Nov 01, 2018"	1.290	1.210	1.300	1.190	55830000	7.50
"Oct 31, 2018"	1.200	1.220	1.230	1.170	40560000	0.84
"Oct 30, 2018"	1.190	1.120	1.200	1.110	52430000	5.31
"Oct 29, 2018"	1.130	1.230	1.230	1.060	91220000	-7.38
"Oct 26, 2018"	1.220	1.300	1.310	1.200	49210000	-4.69
"Oct 25, 2018"	1.280	1.280	1.310	1.220	50900000	-3.03
"Oct 24, 2018"	1.320	1.290	1.340	1.290	39600000	3.13
"Oct 23, 2018"	1.280	1.380	1.400	1.280	59390000	-7.25
"Oct 22, 2018"	1.380	1.300	1.410	1.260	175640000	22.12
"Oct 19, 2018"	1.130	1.500	1.520	1.050	169890000	-24.67
"Oct 18, 2018"	1.500	1.540	1.540	1.480	29280000	-2.60
"Oct 17, 2018"	1.540	1.560	1.570	1.530	26700000	0.65
"Oct 16, 2018"	1.530	1.520	1.540	1.500	14420000	1.32
"Oct 15, 2018"	1.510	1.570	1.600	1.510	29410000	-3.21
"Oct 12, 2018"	1.560	1.460	1.570	1.460	58270000	6.12
"Oct 11, 2018"	1.470	1.450	1.500	1.400	69270000	-3.29
"Oct 10, 2018"	1.520	1.550	1.580	1.450	42370000	-1.94
"Oct 09, 2018"	1.550	1.550	1.600	1.540	28750000	0.00
"Oct 08, 2018"	1.550	1.610	1.620	1.530	45160000	-3.73
"Oct 05, 2018"	1.610	1.680	1.700	1.600	59660000	-4.17
"Oct 04, 2018"	1.680	1.630	1.700	1.600	53000000	3.07
"Oct 03, 2018"	1.630	1.630	1.680	1.520	104830000	0.00
"Oct 02, 2018"	1.630	1.740	1.750	1.620	40860000	-6.32
"Oct 01, 2018"	1.740	1.750	1.760	1.710	8130000	-0.57
"Sep 28, 2018"	1.750	1.740	1.770	1.730	14620000	1.74
"Sep 27, 2018"	1.720	1.770	1.780	1.710	29790000	-2.82
"Sep 26, 2018"	1.770	1.790	1.810	1.750	27900000	-1.12
"Sep 25, 2018"	1.790	1.790	1.820	1.780	32130000	0.00
"Sep 24, 2018"	1.790	1.800	1.820	1.760	20420000	0.00
"Sep 21, 2018"	1.790	1.770	1.820	1.760	52220000	1.70
"Sep 20, 2018"	1.760	1.770	1.800	1.740	37740000	0.57
"Sep 19, 2018"	1.750	1.710	1.800	1.700	63230000	2.94
"Sep 18, 2018"	1.700	1.650	1.710	1.620	52300000	3.66
"Sep 14, 2018"	1.640	1.590	1.690	1.590	73360000	4.46
"Sep 13, 2018"	1.570	1.550	1.600	1.540	63690000	4.67
"Sep 12, 2018"	1.500	1.630	1.630	1.480	67500000	-7.98
"Sep 07, 2018"	1.630	1.650	1.700	1.620	35620000	-1.21
"Sep 06, 2018"	1.650	1.650	1.670	1.610	29260000	0.61
"Sep 05, 2018"	1.640	1.590	1.690	1.590	118250000	3.14
"Sep 04, 2018"	1.590	1.500	1.590	1.470	54730000	6.00
"Sep 03, 2018"	1.500	1.500	1.520	1.420	30200000	0.67
"Aug 30, 2018"	1.490	1.480	1.560	1.360	131770000	0.68
"Aug 29, 2018"	1.480	1.390	1.500	1.380	108600000	8.03
"Aug 28, 2018"	1.370	1.380	1.400	1.360	25180000	0.00
"Aug 27, 2018"	1.370	1.340	1.390	1.320	35700000	1.48
"Aug 24, 2018"	1.350	1.400	1.420	1.310	73370000	-2.88
"Aug 23, 2018"	1.390	1.310	1.400	1.290	132940000	6.11
"Aug 21, 2018"	1.310	1.230	1.330	1.230	149130000	6.50
"Aug 20, 2018"	1.230	1.200	1.240	1.200	36990000	2.50
"Aug 17, 2018"	1.200	1.220	1.230	1.190	23260000	-1.64
"Aug 16, 2018"	1.220	1.200	1.220	1.190	21810000	1.67
"Aug 15, 2018"	1.200	1.230	1.240	1.200	20690000	-2.44
"Aug 14, 2018"	1.230	1.190	1.240	1.180	40400000	3.36
"Aug 13, 2018"	1.190	1.230	1.230	1.190	21950000	-3.25
"Aug 10, 2018"	1.230	1.240	1.260	1.220	26690000	0.00
"Aug 09, 2018"	1.230	1.230	1.270	1.220	67890000	0.00
"Aug 08, 2018"	1.230	1.200	1.250	1.190	64150000	3.36
"Aug 07, 2018"	1.190	1.210	1.220	1.180	36580000	-2.46
"Aug 06, 2018"	1.220	1.180	1.220	1.180	40290000	4.27
"Aug 03, 2018"	1.170	1.180	1.220	1.160	48650000	0.00
"Aug 02, 2018"	1.170	1.210	1.210	1.150	53280000	-3.31
"Aug 01, 2018"	1.210	1.250	1.280	1.170	69300000	-2.42
"Jul 31, 2018"	1.240	1.140	1.250	1.130	64950000	8.77
"Jul 30, 2018"	1.140	1.210	1.210	1.140	82440000	-6.56
"Jul 27, 2018"	1.220	1.290	1.300	1.220	56700000	-4.69
"Jul 26, 2018"	1.280	1.300	1.320	1.270	31610000	-1.54
"Jul 25, 2018"	1.300	1.330	1.340	1.290	16280000	-1.52
"Jul 24, 2018"	1.320	1.320	1.350	1.270	71980000	1.54
"Jul 23, 2018"	1.300	1.230	1.360	1.230	113300000	4.84
"Jul 20, 2018"	1.240	1.130	1.260	1.120	159110000	10.71
"Jul 19, 2018"	1.120	1.010	1.120	1.000	117620000	10.89
"Jul 18, 2018"	1.010	1.020	1.030	0.990	42880000	0.00
"Jul 17, 2018"	1.010	1.020	1.060	0.980	140800000	0.00
"Jul 16, 2018"	1.010	0.925	1.030	0.910	120750000	11.60
"Jul 13, 2018"	0.905	0.870	0.925	0.860	104800000	5.23
"Jul 12, 2018"	0.860	0.790	0.875	0.790	75740000	8.18
"Jul 11, 2018"	0.795	0.835	0.835	0.790	25990000	-4.79
"Jul 10, 2018"	0.835	0.850	0.865	0.830	20680000	-1.18
"Jul 09, 2018"	0.845	0.875	0.880	0.845	20480000	-3.43
"Jul 06, 2018"	0.875	0.885	0.895	0.865	11260000	-1.13
"Jul 05, 2018"	0.885	0.920	0.920	0.870	21740000	-3.80
"Jul 04, 2018"	0.920	0.895	0.930	0.840	55800000	2.22
"Jul 03, 2018"	0.900	0.945	0.955	0.885	40810000	-4.26
"Jul 02, 2018"	0.940	0.970	0.980	0.930	37410000	-2.59
"Jun 29, 2018"	0.965	1.000	1.020	0.965	53190000	-3.50
"Jun 28, 2018"	1.000	0.985	1.010	0.975	29330000	1.01
"Jun 27, 2018"	0.990	0.975	0.995	0.965	23470000	1.02
"Jun 26, 2018"	0.980	0.980	0.990	0.965	44530000	-0.51
"Jun 25, 2018"	0.985	1.010	1.010	0.980	35960000	-1.50
"Jun 22, 2018"	1.000	1.000	1.020	0.980	29780000	0.00
"Jun 21, 2018"	1.000	1.010	1.040	0.965	91450000	0.00
"Jun 20, 2018"	1.000	1.000	1.030	0.995	40900000	2.04
"Jun 19, 2018"	0.980	0.975	1.040	0.970	89440000	1.55
"Jun 18, 2018"	0.965	0.970	0.985	0.955	36400000	0.00
"Jun 14, 2018"	0.965	0.945	0.990	0.945	42180000	2.12
"Jun 13, 2018"	0.945	0.945	0.985	0.930	87200000	0.00
"Jun 12, 2018"	0.945	0.945	0.985	0.940	121460000	0.53
"Jun 11, 2018"	0.940	0.865	0.940	0.825	183680000	9.94
"Jun 08, 2018"	0.855	0.780	0.875	0.735	170980000	9.62
"Jun 07, 2018"	0.780	0.810	0.840	0.760	145310000	-2.50
"Jun 06, 2018"	0.800	0.740	0.810	0.730	141380000	8.84
"Jun 05, 2018"	0.735	0.730	0.745	0.700	176590000	7.30
"Jun 04, 2018"	0.685	0.700	0.740	0.655	219340000	-20.35
"Jun 01, 2018"	0.860	0.810	0.895	0.810	115750000	-3.37
"May 31, 2018"	0.890	0.785	0.920	0.770	600530000	16.34
"May 30, 2018"	0.765	0.740	0.780	0.735	115400000	0.66
"May 28, 2018"	0.760	0.790	0.820	0.745	125900000	-0.65
"May 25, 2018"	0.765	0.785	0.825	0.740	106390000	-3.77
"May 24, 2018"	0.795	0.915	0.920	0.730	153720000	-13.11
"May 23, 2018"	0.915	0.935	0.940	0.910	102140000	-2.14
"May 22, 2018"	0.935	0.980	0.985	0.925	103440000	-4.59
"May 21, 2018"	0.980	0.940	0.980	0.920	144520000	5.95
"May 18, 2018"	0.925	1.000	1.030	0.895	258810000	2.21
"May 17, 2018"	0.905	1.070	1.290	0.890	481450000	-28.74
"May 16, 2018"	1.270	1.270	1.270	1.270	35180000	0.00
"May 15, 2018"	1.270	1.270	1.270	1.270	20330000	-29.83
"May 14, 2018"	1.810	1.810	1.810	1.810	4990000	-29.84
"May 08, 2018"	2.580	2.600	2.600	2.550	22210000	-0.77
"May 07, 2018"	2.600	2.640	2.640	2.520	16720000	-2.26
"May 04, 2018"	2.660	2.610	2.670	2.580	12270000	1.53
"May 03, 2018"	2.620	2.610	2.650	2.590	9220000	0.38
"May 02, 2018"	2.610	2.600	2.630	2.560	8740000	-0.38
"Apr 30, 2018"	2.620	2.590	2.640	2.570	9230000	1.16
"Apr 27, 2018"	2.590	2.550	2.610	2.540	6420000	1.97
"Apr 26, 2018"	2.540	2.540	2.560	2.520	4850000	0.40
"Apr 25, 2018"	2.530	2.540	2.570	2.480	15710000	-2.69
"Apr 24, 2018"	2.600	2.650	2.670	2.540	15650000	-2.62
"Apr 23, 2018"	2.670	2.690	2.700	2.660	6740000	-0.37
"Apr 20, 2018"	2.680	2.700	2.700	2.660	7620000	-0.74
"Apr 19, 2018"	2.700	2.680	2.700	2.660	10100000	1.12
"Apr 18, 2018"	2.670	2.700	2.720	2.650	7420000	-0.37
"Apr 17, 2018"	2.680	2.700	2.730	2.670	7150000	-0.37
"Apr 16, 2018"	2.690	2.730	2.770	2.660	13880000	-1.10
"Apr 13, 2018"	2.720	2.660	2.760	2.650	21590000	3.42
"Apr 12, 2018"	2.630	2.690	2.690	2.620	13910000	-2.23
"Apr 11, 2018"	2.690	2.610	2.700	2.610	18200000	3.46
"Apr 10, 2018"	2.600	2.630	2.690	2.530	18820000	-1.14
"Apr 09, 2018"	2.630	2.790	2.790	2.600	22630000	-5.73
"Apr 06, 2018"	2.790	2.870	2.880	2.730	27360000	-3.13
"Apr 05, 2018"	2.880	2.800	2.900	2.800	10550000	3.97
"Apr 04, 2018"	2.770	2.900	2.980	2.770	20180000	-4.48
"Apr 03, 2018"	2.900	2.890	2.990	2.890	8550000	0.00
"Apr 02, 2018"	2.900	2.910	2.920	2.870	9580000	0.00
"Mar 30, 2018"	2.900	2.840	3.030	2.840	27610000	2.11
"Mar 29, 2018"	2.840	2.830	2.850	2.800	8740000	0.35
"Mar 28, 2018"	2.830	2.800	2.850	2.790	11240000	1.07
"Mar 27, 2018"	2.800	2.740	2.820	2.730	24780000	2.56
"Mar 26, 2018"	2.730	2.730	2.770	2.700	6880000	0.00
"Mar 23, 2018"	2.730	2.700	2.730	2.670	8400000	-0.36
"Mar 22, 2018"	2.740	2.730	2.770	2.710	7990000	0.37
"Mar 21, 2018"	2.730	2.710	2.730	2.710	9210000	1.11
"Mar 20, 2018"	2.700	2.640	2.710	2.640	19900000	1.50
"Mar 19, 2018"	2.660	2.630	2.670	2.600	10100000	0.38
"Mar 16, 2018"	2.650	2.600	2.650	2.580	8250000	1.92
"Mar 15, 2018"	2.600	2.600	2.610	2.550	6440000	-0.76
"Mar 14, 2018"	2.620	2.600	2.620	2.590	5600000	0.00
"Mar 13, 2018"	2.620	2.600	2.620	2.580	8310000	0.38
"Mar 12, 2018"	2.610	2.610	2.640	2.590	17910000	0.77
"Mar 09, 2018"	2.590	2.620	2.640	2.570	7250000	-0.38
"Mar 08, 2018"	2.600	2.580	2.620	2.570	5990000	0.78
"Mar 07, 2018"	2.580	2.680	2.680	2.570	6660000	-3.73
"Mar 06, 2018"	2.680	2.640	2.690	2.640	9500000	0.75
"Mar 05, 2018"	2.660	2.680	2.680	2.620	8430000	-0.75
"Mar 02, 2018"	2.680	2.680	2.690	2.640	10570000	0.00
"Mar 01, 2018"	2.680	2.660	2.710	2.630	7670000	-0.37
"Feb 28, 2018"	2.690	2.700	2.710	2.670	9580000	-0.74
"Feb 27, 2018"	2.710	2.730	2.730	2.700	5370000	-0.37
"Feb 26, 2018"	2.720	2.720	2.720	2.680	9460000	0.74
"Feb 23, 2018"	2.700	2.710	2.730	2.680	8240000	-0.37
"Feb 22, 2018"	2.710	2.680	2.720	2.630	10540000	1.12
"Feb 21, 2018"	2.680	2.630	2.680	2.630	19370000	1.90
"Feb 20, 2018"	2.630	2.590	2.640	2.590	19600000	1.54
"Feb 19, 2018"	2.590	2.580	2.600	2.560	5820000	1.17
"Feb 15, 2018"	2.560	2.560	2.580	2.550	6370000	0.79
"Feb 14, 2018"	2.540	2.460	2.540	2.450	19100000	3.25
"Feb 13, 2018"	2.460	2.480	2.490	2.450	9790000	-0.40
"Feb 12, 2018"	2.470	2.470	2.500	2.430	9000000	0.00
"Feb 09, 2018"	2.470	2.350	2.480	2.330	12630000	-0.40
"Feb 08, 2018"	2.480	2.490	2.510	2.420	9150000	-0.40
"Feb 07, 2018"	2.490	2.460	2.510	2.380	22160000	2.47
"Feb 06, 2018"	2.430	2.310	2.430	2.230	18100000	1.25
"Feb 05, 2018"	2.400	2.390	2.440	2.330	9770000	-2.44
"Feb 02, 2018"	2.460	2.470	2.480	2.330	15840000	-1.60
"Jan 30, 2018"	2.500	2.550	2.570	2.450	12150000	-2.72
"Jan 29, 2018"	2.570	2.580	2.610	2.550	6810000	-1.15
"Jan 26, 2018"	2.600	2.570	2.610	2.550	14740000	0.39
"Jan 25, 2018"	2.590	2.610	2.640	2.550	10590000	-0.77
"Jan 24, 2018"	2.610	2.650	2.780	2.580	12810000	-1.51
"Jan 23, 2018"	2.650	2.640	2.680	2.640	7690000	0.38
"Jan 22, 2018"	2.640	2.650	2.670	2.620	5130000	0.00
"Jan 19, 2018"	2.640	2.590	2.650	2.570	8860000	1.93
"Jan 18, 2018"	2.590	2.590	2.610	2.570	7670000	0.00
"Jan 17, 2018"	2.590	2.600	2.610	2.560	4550000	-0.38
"Jan 16, 2018"	2.600	2.600	2.600	2.490	5610000	0.00
"Jan 15, 2018"	2.600	2.630	2.650	2.560	11270000	-0.76
"Jan 12, 2018"	2.620	2.630	2.670	2.580	5720000	0.77
"Jan 11, 2018"	2.600	2.650	2.720	2.580	20360000	1.17
"Jan 10, 2018"	2.570	2.600	2.620	2.530	16350000	-1.15
"Jan 09, 2018"	2.600	2.610	2.630	2.530	25130000	-1.14
"Jan 08, 2018"	2.630	2.500	2.650	2.490	32350000	6.91
"Jan 05, 2018"	2.460	2.460	2.480	2.440	17200000	0.41
"Jan 04, 2018"	2.450	2.460	2.470	2.410	18160000	-0.41
"Jan 03, 2018"	2.460	2.230	2.520	2.220	52730000	10.31
"Jan 02, 2018"	2.230	2.220	2.240	2.190	3860000	0.00
"Dec 29, 2017"	2.230	2.220	2.230	2.190	6920000	-0.45
"Dec 28, 2017"	2.240	2.250	2.250	2.230	4350000	-0.44
"Dec 27, 2017"	2.250	2.230	2.260	2.230	10310000	0.45
"Dec 26, 2017"	2.240	2.250	2.270	2.220	12460000	-0.44
"Dec 22, 2017"	2.250	2.260	2.300	2.230	15450000	0.00
"Dec 21, 2017"	2.250	2.160	2.270	2.160	20190000	4.17
"Dec 20, 2017"	2.160	2.130	2.170	2.130	11260000	1.41
"Dec 19, 2017"	2.130	2.120	2.160	2.120	16410000	0.00
"Dec 18, 2017"	2.130	2.110	2.150	2.110	7930000	0.47
"Dec 15, 2017"	2.120	2.060	2.150	2.060	14430000	2.91
"Dec 14, 2017"	2.060	2.070	2.140	2.040	10930000	-0.48
"Dec 13, 2017"	2.070	2.090	2.100	2.060	4350000	0.00
"Dec 12, 2017"	2.070	2.090	2.100	2.060	4980000	-0.48
"Dec 11, 2017"	2.080	2.040	2.080	2.040	4400000	1.96
"Dec 08, 2017"	2.040	2.070	2.090	2.030	6230000	-0.97
"Dec 07, 2017"	2.060	2.100	2.120	2.060	9570000	-0.96
"Dec 06, 2017"	2.080	2.090	2.110	2.080	8320000	-0.48
"Dec 05, 2017"	2.090	2.110	2.120	2.080	3990000	-0.48
"Dec 04, 2017"	2.100	2.100	2.130	2.070	2170000	-0.94
"Nov 30, 2017"	2.120	2.050	2.120	2.050	7300000	4.95
"Nov 29, 2017"	2.020	2.030	2.070	2.020	5200000	0.50
"Nov 28, 2017"	2.010	2.100	2.100	2.010	3210000	-4.29
"Nov 27, 2017"	2.100	2.100	2.110	2.090	2780000	0.00
"Nov 24, 2017"	2.100	2.100	2.100	2.080	1610000	0.00
"Nov 23, 2017"	2.100	2.110	2.110	2.090	2970000	-0.47
"Nov 22, 2017"	2.110	2.100	2.110	2.090	3780000	0.00
"Nov 21, 2017"	2.110	2.080	2.130	2.070	5410000	0.00
"Nov 20, 2017"	2.110	2.140	2.140	2.080	2900000	-1.40
"Nov 17, 2017"	2.140	2.110	2.150	2.060	4350000	0.94
"Nov 16, 2017"	2.120	2.130	2.130	2.100	3900000	-0.93
"Nov 15, 2017"	2.140	2.150	2.160	2.130	5790000	-0.47
"Nov 14, 2017"	2.150	2.150	2.160	2.130	2790000	0.00
"Nov 13, 2017"	2.150	2.140	2.150	2.130	2400000	0.47
"Nov 10, 2017"	2.140	2.160	2.160	2.140	3290000	-0.93
"Nov 09, 2017"	2.160	2.160	2.170	2.130	2180000	0.00
"Nov 08, 2017"	2.160	2.150	2.170	2.140	5290000	0.47
"Nov 07, 2017"	2.150	2.150	2.150	2.130	7310000	0.00
"Nov 06, 2017"	2.150	2.170	2.170	2.130	3410000	-0.92
"Nov 03, 2017"	2.170	2.180	2.180	2.160	1170000	-0.46
"Nov 02, 2017"	2.180	2.180	2.190	2.160	6750000	0.00
"Nov 01, 2017"	2.180	2.180	2.180	2.130	7610000	-0.46
"Oct 31, 2017"	2.190	2.210	2.210	2.160	15490000	-0.90
"Oct 30, 2017"	2.210	2.050	2.210	2.050	30900000	7.80
"Oct 27, 2017"	2.050	2.020	2.060	2.010	9630000	1.99
"Oct 26, 2017"	2.010	2.000	2.020	1.990	5960000	0.50
"Oct 25, 2017"	2.000	1.990	2.010	1.970	7310000	0.50
"Oct 24, 2017"	1.990	2.020	2.030	1.950	13520000	-1.49
"Oct 23, 2017"	2.020	2.030	2.040	2.010	2450000	-0.49
"Oct 20, 2017"	2.030	2.000	2.030	1.990	10100000	0.50
"Oct 19, 2017"	2.020	2.020	2.040	1.990	8480000	0.50
"Oct 17, 2017"	2.010	2.050	2.060	2.010	7300000	-1.47
"Oct 16, 2017"	2.040	2.050	2.050	2.020	7720000	-0.49
"Oct 13, 2017"	2.050	2.030	2.060	2.030	3610000	0.99
"Oct 12, 2017"	2.030	2.060	2.070	2.020	7100000	-1.46
"Oct 11, 2017"	2.060	2.070	2.080	2.050	6660000	0.00
"Oct 10, 2017"	2.060	2.060	2.080	2.050	4940000	0.00
"Oct 09, 2017"	2.060	2.070	2.080	2.060	3760000	0.00
"Oct 06, 2017"	2.060	2.070	2.080	2.060	4940000	-0.48
"Oct 05, 2017"	2.070	2.090	2.090	2.060	6290000	-0.96
"Oct 04, 2017"	2.090	2.080	2.100	2.070	6270000	0.48
"Oct 03, 2017"	2.080	2.060	2.080	2.050	4390000	0.97
"Oct 02, 2017"	2.060	2.050	2.080	2.040	5400000	0.49
"Sep 29, 2017"	2.050	2.040	2.060	2.020	17510000	0.99
"Sep 28, 2017"	2.030	2.020	2.050	2.000	15450000	0.50
"Sep 27, 2017"	2.020	2.040	2.060	2.020	6340000	-0.49
"Sep 26, 2017"	2.030	2.060	2.070	2.030	9750000	-1.93
"Sep 25, 2017"	2.070	2.080	2.080	2.050	8990000	-0.48
"Sep 21, 2017"	2.080	2.070	2.090	2.050	8720000	0.48
"Sep 20, 2017"	2.070	2.070	2.090	2.050	4910000	0.00
"Sep 19, 2017"	2.070	2.100	2.100	2.050	10600000	-0.96
"Sep 18, 2017"	2.090	2.110	2.110	2.070	7400000	-1.88
"Sep 15, 2017"	2.130	2.060	2.130	2.050	12300000	2.40
"Sep 14, 2017"	2.080	2.080	2.080	2.050	2680000	0.48
"Sep 13, 2017"	2.070	2.050	2.100	2.010	10880000	0.49
"Sep 12, 2017"	2.060	2.040	2.060	2.030	4470000	0.98
"Sep 11, 2017"	2.040	2.050	2.060	2.020	4490000	-0.49
"Sep 08, 2017"	2.050	2.040	2.070	2.030	6840000	0.49
"Sep 07, 2017"	2.040	2.080	2.080	2.030	5840000	-1.45
"Sep 06, 2017"	2.070	2.110	2.110	2.060	6100000	-2.36
"Sep 05, 2017"	2.120	2.100	2.120	2.070	14740000	0.00
"Aug 30, 2017"	2.120	2.040	2.120	2.040	11610000	4.95
"Aug 29, 2017"	2.020	2.050	2.050	1.990	4160000	-1.46
"Aug 28, 2017"	2.050	2.020	2.050	2.010	4390000	1.99
"Aug 25, 2017"	2.010	2.050	2.050	2.010	4260000	-1.95
"Aug 24, 2017"	2.050	2.060	2.070	2.040	4900000	-0.97
"Aug 23, 2017"	2.070	2.090	2.090	2.040	6180000	-0.96
"Aug 22, 2017"	2.090	2.100	2.110	2.070	3390000	0.00
"Aug 21, 2017"	2.090	2.110	2.110	2.080	3270000	-0.95
"Aug 18, 2017"	2.110	2.100	2.120	2.050	3550000	0.00
"Aug 17, 2017"	2.110	2.120	2.130	2.080	8620000	0.96
"Aug 16, 2017"	2.090	2.030	2.100	2.020	13500000	2.96
"Aug 15, 2017"	2.030	1.970	2.040	1.940	16530000	3.57
"Aug 14, 2017"	1.960	1.970	1.990	1.950	16910000	-0.51
"Aug 11, 2017"	1.970	2.000	2.000	1.910	21630000	-1.99
"Aug 10, 2017"	2.010	2.040	2.050	2.000	6400000	-1.47
"Aug 09, 2017"	2.040	2.060	2.080	2.020	7500000	-0.97
"Aug 08, 2017"	2.060	2.090	2.110	2.010	11820000	-1.90
"Aug 07, 2017"	2.100	2.140	2.140	2.090	4530000	-1.41
"Aug 04, 2017"	2.130	2.110	2.130	2.080	5210000	1.43
"Aug 03, 2017"	2.100	2.140	2.140	2.100	6250000	-1.41
"Aug 02, 2017"	2.130	2.140	2.150	2.110	6800000	-0.93
"Aug 01, 2017"	2.150	2.160	2.160	2.130	2910000	-0.46
"Jul 31, 2017"	2.160	2.140	2.170	2.130	10670000	0.93
"Jul 28, 2017"	2.140	2.120	2.150	2.120	10640000	1.42
"Jul 27, 2017"	2.110	2.130	2.150	2.110	12310000	-0.94
"Jul 26, 2017"	2.130	2.140	2.150	2.130	5230000	-0.47
"Jul 25, 2017"	2.140	2.150	2.160	2.130	1520000	-0.47
"Jul 24, 2017"	2.150	2.170	2.170	2.140	3530000	-0.46
"Jul 21, 2017"	2.160	2.170	2.180	2.150	2280000	-0.46
"Jul 20, 2017"	2.170	2.160	2.180	2.150	6320000	0.46
"Jul 19, 2017"	2.160	2.140	2.200	2.130	7180000	0.93
"Jul 18, 2017"	2.140	2.150	2.160	2.140	4600000	-0.47
"Jul 17, 2017"	2.150	2.150	2.160	2.140	2880000	0.00
"Jul 14, 2017"	2.150	2.150	2.160	2.140	3460000	0.00
"Jul 13, 2017"	2.150	2.150	2.170	2.140	3960000	0.00
"Jul 12, 2017"	2.150	2.150	2.160	2.130	3670000	0.00
"Jul 11, 2017"	2.150	2.130	2.150	2.130	5930000	0.47
"Jul 10, 2017"	2.140	2.170	2.170	2.130	3500000	-0.47
"Jul 07, 2017"	2.150	2.170	2.170	2.110	6180000	-0.92
"Jul 06, 2017"	2.170	2.150	2.170	2.150	2490000	0.00
"Jul 05, 2017"	2.170	2.150	2.170	2.130	2470000	0.93
"Jul 04, 2017"	2.150	2.150	2.160	2.130	1440000	0.00
"Jul 03, 2017"	2.150	2.190	2.190	2.140	4330000	-1.83
"Jun 30, 2017"	2.190	2.180	2.190	2.160	4400000	0.46
"Jun 29, 2017"	2.180	2.180	2.200	2.160	14860000	0.46
"Jun 28, 2017"	2.170	2.130	2.190	2.130	8150000	2.36
"Jun 23, 2017"	2.120	2.130	2.160	2.110	11980000	0.47
"Jun 22, 2017"	2.110	2.140	2.150	2.110	8200000	-1.86
"Jun 21, 2017"	2.150	2.130	2.160	2.130	10500000	0.00
"Jun 20, 2017"	2.150	2.130	2.150	2.110	9500000	0.47
"Jun 19, 2017"	2.140	2.150	2.170	2.130	6890000	-0.93
"Jun 16, 2017"	2.160	2.170	2.190	2.140	6890000	-0.46
"Jun 15, 2017"	2.170	2.180	2.210	2.170	10800000	-0.46
"Jun 14, 2017"	2.180	2.180	2.200	2.170	5310000	0.46
"Jun 13, 2017"	2.170	2.180	2.190	2.150	11200000	-0.46
"Jun 09, 2017"	2.180	2.150	2.190	2.150	9900000	0.93
"Jun 08, 2017"	2.160	2.150	2.160	2.140	5330000	0.00
"Jun 07, 2017"	2.160	2.140	2.170	2.130	8370000	1.41
"Jun 06, 2017"	2.130	2.180	2.180	2.130	11110000	-2.29
"Jun 05, 2017"	2.180	2.220	2.230	2.180	8770000	-1.80
"Jun 02, 2017"	2.220	2.110	2.220	2.110	16800000	5.71
"Jun 01, 2017"	2.100	2.120	2.130	2.060	20460000	-0.94
"May 31, 2017"	2.120	2.220	2.220	2.120	11530000	-3.64
"May 30, 2017"	2.200	2.230	2.250	2.180	7930000	-2.22
"May 29, 2017"	2.250	2.220	2.250	2.200	6620000	0.90
"May 26, 2017"	2.230	2.240	2.250	2.220	12320000	-0.45
"May 25, 2017"	2.240	2.220	2.250	2.210	6280000	0.90
"May 24, 2017"	2.220	2.190	2.250	2.170	13590000	1.37
"May 23, 2017"	2.190	2.210	2.220	2.180	10730000	-0.45
"May 22, 2017"	2.200	2.140	2.210	2.130	17100000	2.80
"May 19, 2017"	2.140	2.200	2.230	2.030	63200000	-2.28
"May 18, 2017"	2.190	2.220	2.260	2.170	16290000	-3.10
"May 17, 2017"	2.260	2.300	2.300	2.250	8180000	-1.74
"May 16, 2017"	2.300	2.310	2.320	2.290	8430000	0.00
"May 15, 2017"	2.300	2.300	2.330	2.270	8190000	0.44
"May 12, 2017"	2.290	2.310	2.320	2.270	7400000	-0.43
"May 11, 2017"	2.300	2.310	2.360	2.290	11500000	0.00
"May 09, 2017"	2.300	2.270	2.370	2.270	18680000	1.32
"May 08, 2017"	2.270	2.200	2.310	2.190	15770000	4.13
"May 05, 2017"	2.180	2.160	2.190	2.150	8530000	0.46
"May 04, 2017"	2.170	2.200	2.200	2.150	13450000	-1.36
"May 03, 2017"	2.200	2.200	2.210	2.180	8280000	0.00
"May 02, 2017"	2.200	2.130	2.220	2.130	14200000	3.29
"Apr 28, 2017"	2.130	2.150	2.160	2.130	5710000	-0.93
"Apr 27, 2017"	2.150	2.180	2.180	2.150	5500000	-0.92
"Apr 26, 2017"	2.170	2.160	2.210	2.150	12200000	0.93
"Apr 25, 2017"	2.150	2.070	2.180	2.070	18900000	4.37
"Apr 21, 2017"	2.060	2.000	2.100	2.000	13520000	2.49
"Apr 20, 2017"	2.010	1.980	2.020	1.970	8770000	1.01
"Apr 19, 2017"	1.990	2.010	2.010	1.960	6960000	-0.50
"Apr 18, 2017"	2.000	1.990	2.020	1.990	9260000	1.01
"Apr 17, 2017"	1.980	1.940	2.000	1.930	9430000	2.59
"Apr 14, 2017"	1.930	2.000	2.000	1.900	19000000	-3.98
"Apr 13, 2017"	2.010	2.010	2.020	1.980	7890000	0.00
"Apr 12, 2017"	2.010	2.020	2.030	1.990	5130000	-0.50
"Apr 11, 2017"	2.020	2.000	2.030	1.990	10300000	1.00
"Apr 10, 2017"	2.000	2.000	2.020	1.980	7730000	0.00
"Apr 07, 2017"	2.000	2.010	2.010	1.980	9960000	-0.50
"Apr 06, 2017"	2.010	2.010	2.020	1.970	12230000	0.00
"Apr 05, 2017"	2.010	1.950	2.020	1.940	25400000	3.61
"Apr 04, 2017"	1.940	1.900	1.970	1.880	22670000	2.11
"Apr 03, 2017"	1.900	1.860	1.900	1.860	6150000	2.70
"Mar 31, 2017"	1.850	1.890	1.900	1.850	12780000	-2.12
"Mar 30, 2017"	1.890	1.890	1.900	1.880	4600000	0.53
"Mar 29, 2017"	1.880	1.900	1.910	1.860	8270000	-1.05
"Mar 28, 2017"	1.900	1.910	1.920	1.870	11000000	-0.52
"Mar 27, 2017"	1.910	1.890	1.930	1.880	19160000	1.06
"Mar 24, 2017"	1.890	1.870	1.890	1.860	10370000	1.07
"Mar 23, 2017"	1.870	1.890	1.890	1.860	14580000	-1.06
"Mar 22, 2017"	1.890	1.860	1.900	1.850	12460000	0.53
"Mar 21, 2017"	1.880	1.880	1.890	1.860	12920000	0.53
"Mar 20, 2017"	1.870	1.900	1.900	1.850	12630000	-1.58
"Mar 17, 2017"	1.900	1.850	1.900	1.840	25870000	3.26
"Mar 16, 2017"	1.840	1.840	1.860	1.820	13240000	1.10
"Mar 15, 2017"	1.820	1.820	1.830	1.790	4480000	0.00
"Mar 14, 2017"	1.820	1.800	1.840	1.790	17130000	0.55
"Mar 13, 2017"	1.810	1.770	1.820	1.770	16520000	2.26
"Mar 10, 2017"	1.770	1.800	1.800	1.750	5440000	-1.12
"Mar 09, 2017"	1.790	1.830	1.830	1.780	5900000	-2.19
"Mar 08, 2017"	1.830	1.810	1.850	1.800	21410000	0.55
"Mar 07, 2017"	1.820	1.780	1.830	1.750	35110000	4.00
"Mar 06, 2017"	1.750	1.790	1.800	1.730	15740000	-1.13
"Mar 03, 2017"	1.770	1.800	1.840	1.740	36280000	-0.56
"Mar 02, 2017"	1.780	1.690	1.790	1.690	40340000	5.33
"Mar 01, 2017"	1.690	1.630	1.700	1.630	23350000	3.68
"Feb 28, 2017"	1.630	1.630	1.640	1.610	12390000	0.62
"Feb 27, 2017"	1.620	1.630	1.630	1.600	10380000	-0.61
"Feb 24, 2017"	1.630	1.620	1.630	1.600	12420000	0.62
"Feb 23, 2017"	1.620	1.600	1.620	1.600	10100000	1.25
"Feb 22, 2017"	1.600	1.620	1.620	1.600	13730000	-0.62
"Feb 21, 2017"	1.610	1.620	1.630	1.610	9400000	-0.62
"Feb 20, 2017"	1.620	1.620	1.630	1.610	6220000	0.00
"Feb 17, 2017"	1.620	1.590	1.620	1.580	12810000	1.89
"Feb 16, 2017"	1.590	1.650	1.650	1.590	39600000	-3.64
"Feb 15, 2017"	1.650	1.650	1.680	1.640	13500000	0.00
"Feb 14, 2017"	1.650	1.620	1.650	1.610	15820000	2.48
"Feb 13, 2017"	1.610	1.610	1.630	1.610	14240000	0.62
"Feb 10, 2017"	1.600	1.630	1.640	1.600	12000000	-1.84
"Feb 08, 2017"	1.630	1.640	1.640	1.610	6690000	0.00
"Feb 07, 2017"	1.630	1.640	1.650	1.620	7170000	-0.61
"Feb 06, 2017"	1.640	1.610	1.660	1.600	11550000	1.86
"Feb 03, 2017"	1.610	1.620	1.630	1.600	6470000	-0.62
"Feb 02, 2017"	1.620	1.610	1.620	1.590	13620000	1.89
"Jan 31, 2017"	1.590	1.580	1.590	1.570	5600000	0.63
"Jan 27, 2017"	1.580	1.590	1.590	1.570	2540000	-0.63
"Jan 26, 2017"	1.590	1.590	1.600	1.580	3630000	0.00
"Jan 25, 2017"	1.590	1.590	1.590	1.560	9000000	0.63
"Jan 24, 2017"	1.580	1.600	1.600	1.560	10850000	-0.63
"Jan 23, 2017"	1.590	1.590	1.590	1.570	4450000	0.00
"Jan 20, 2017"	1.590	1.600	1.600	1.580	2880000	0.00
"Jan 19, 2017"	1.590	1.620	1.620	1.580	4340000	-1.24
"Jan 18, 2017"	1.610	1.590	1.620	1.590	8490000	1.26
"Jan 17, 2017"	1.590	1.560	1.590	1.560	4780000	2.58
"Jan 16, 2017"	1.550	1.600	1.600	1.550	9600000	-2.52
"Jan 13, 2017"	1.590	1.620	1.620	1.590	5960000	-1.85
"Jan 12, 2017"	1.620	1.600	1.630	1.590	14680000	1.25
"Jan 11, 2017"	1.600	1.610	1.610	1.590	3310000	-0.62
"Jan 10, 2017"	1.610	1.610	1.620	1.580	7600000	0.00
"Jan 09, 2017"	1.610	1.620	1.640	1.610	9730000	0.00
"Jan 06, 2017"	1.610	1.630	1.670	1.600	29730000	1.26
"Jan 05, 2017"	1.590	1.560	1.600	1.550	14320000	1.92
"Jan 04, 2017"	1.560	1.550	1.570	1.540	14310000	0.65
"Jan 03, 2017"	1.550	1.510	1.560	1.500	12520000	2.65
"Dec 30, 2016"	1.510	1.490	1.540	1.480	15890000	1.34
"Dec 29, 2016"	1.490	1.510	1.510	1.480	9690000	-0.67
"Dec 28, 2016"	1.500	1.550	1.560	1.500	12990000	-2.15
"Dec 27, 2016"	1.533	1.507	1.547	1.493	17720000	2.20
"Dec 23, 2016"	1.500	1.533	1.540	1.500	17540000	-2.60
"Dec 22, 2016"	1.540	1.547	1.553	1.533	14860000	-0.45
"Dec 21, 2016"	1.547	1.567	1.567	1.533	9320000	-1.28
"Dec 20, 2016"	1.567	1.587	1.587	1.553	8620000	-0.82
"Dec 19, 2016"	1.580	1.567	1.600	1.560	22400000	0.83
"Dec 16, 2016"	1.567	1.560	1.573	1.547	14650000	0.45
"Dec 15, 2016"	1.560	1.547	1.567	1.540	12600000	0.45
"Dec 14, 2016"	1.553	1.547	1.560	1.520	20580000	0.84
"Dec 13, 2016"	1.540	1.540	1.573	1.540	25910000	0.46
"Dec 09, 2016"	1.533	1.507	1.540	1.500	16430000	2.20
"Dec 08, 2016"	1.500	1.500	1.513	1.487	13240000	0.87
"Dec 07, 2016"	1.487	1.493	1.533	1.487	24140000	0.00
"Dec 06, 2016"	1.487	1.500	1.513	1.487	10920000	-0.40
"Dec 05, 2016"	1.493	1.513	1.540	1.487	15710000	-1.32
"Dec 02, 2016"	1.513	1.480	1.513	1.480	12200000	2.23
"Dec 01, 2016"	1.480	1.487	1.500	1.473	12180000	-1.33
"Nov 30, 2016"	1.500	1.493	1.507	1.467	15260000	1.83
"Nov 29, 2016"	1.473	1.507	1.513	1.473	6650000	-1.80
"Nov 28, 2016"	1.500	1.480	1.513	1.460	10610000	2.74
"Nov 25, 2016"	1.460	1.467	1.487	1.440	16210000	-0.48
"Nov 24, 2016"	1.467	1.487	1.507	1.453	13200000	-0.88
"Nov 23, 2016"	1.480	1.547	1.547	1.473	21900000	-4.33
"Nov 22, 2016"	1.547	1.487	1.547	1.487	20680000	4.03
"Nov 21, 2016"	1.487	1.533	1.533	1.480	25920000	-3.00
"Nov 18, 2016"	1.533	1.547	1.553	1.533	4800000	-1.29
"Nov 17, 2016"	1.553	1.560	1.567	1.540	9600000	0.00
"Nov 16, 2016"	1.553	1.547	1.567	1.540	9900000	0.39
"Nov 15, 2016"	1.547	1.533	1.560	1.533	10810000	0.91
"Nov 14, 2016"	1.533	1.567	1.580	1.520	14170000	-2.17
"Nov 11, 2016"	1.567	1.600	1.600	1.533	27720000	-2.49
"Nov 10, 2016"	1.607	1.593	1.627	1.593	21200000	2.55
"Nov 09, 2016"	1.567	1.607	1.607	1.513	23610000	-2.85
"Nov 08, 2016"	1.613	1.607	1.620	1.580	8950000	0.81
"Nov 07, 2016"	1.600	1.533	1.600	1.527	14850000	5.26
"Nov 04, 2016"	1.520	1.513	1.540	1.507	10200000	0.46
"Nov 03, 2016"	1.513	1.540	1.540	1.487	22710000	-1.30
"Nov 02, 2016"	1.533	1.607	1.627	1.480	29620000	-4.19
"Nov 01, 2016"	1.600	1.633	1.640	1.600	11680000	-1.66
"Oct 31, 2016"	1.627	1.633	1.660	1.620	6840000	0.00
"Oct 28, 2016"	1.627	1.660	1.673	1.627	19140000	-1.57
"Oct 27, 2016"	1.653	1.607	1.653	1.607	13630000	3.31
"Oct 26, 2016"	1.600	1.627	1.633	1.600	11320000	-1.23
"Oct 25, 2016"	1.620	1.627	1.647	1.620	13120000	0.00
"Oct 24, 2016"	1.620	1.633	1.667	1.620	14470000	0.00
"Oct 21, 2016"	1.620	1.640	1.653	1.600	11500000	-1.22
"Oct 20, 2016"	1.640	1.607	1.680	1.607	26980000	2.05
"Oct 19, 2016"	1.607	1.600	1.613	1.580	13550000	0.88
"Oct 18, 2016"	1.593	1.553	1.593	1.553	14320000	2.58
"Oct 17, 2016"	1.553	1.553	1.580	1.547	11430000	0.00
"Oct 14, 2016"	1.553	1.527	1.560	1.527	20550000	2.17
"Oct 13, 2016"	1.520	1.540	1.547	1.507	10130000	-0.85
"Oct 12, 2016"	1.533	1.540	1.553	1.527	6320000	-0.90
"Oct 11, 2016"	1.547	1.513	1.547	1.513	11260000	2.25
"Oct 10, 2016"	1.513	1.533	1.533	1.507	6740000	-0.92
"Oct 07, 2016"	1.527	1.533	1.547	1.527	10120000	-0.84
"Oct 06, 2016"	1.540	1.533	1.547	1.520	6330000	0.46
"Oct 05, 2016"	1.533	1.527	1.547	1.513	6400000	0.86
"Oct 04, 2016"	1.520	1.533	1.553	1.513	9130000	0.00
"Sep 30, 2016"	1.520	1.533	1.553	1.520	19830000	-1.30
"Sep 29, 2016"	1.540	1.567	1.587	1.540	22300000	-0.84
"Sep 28, 2016"	1.553	1.540	1.567	1.533	21520000	1.70
"Sep 27, 2016"	1.527	1.513	1.560	1.507	17250000	1.80
"Sep 26, 2016"	1.500	1.527	1.540	1.500	6600000	-1.32
"Sep 23, 2016"	1.520	1.520	1.547	1.520	12510000	0.00
"Sep 22, 2016"	1.520	1.567	1.587	1.513	25600000	-2.12
"Sep 21, 2016"	1.553	1.540	1.607	1.540	36420000	3.05
"Sep 20, 2016"	1.507	1.447	1.560	1.440	30840000	4.65
"Sep 19, 2016"	1.440	1.433	1.453	1.427	3910000	0.91
"Sep 15, 2016"	1.427	1.433	1.460	1.427	11880000	-0.42
"Sep 14, 2016"	1.433	1.427	1.447	1.400	10110000	0.00
"Sep 13, 2016"	1.433	1.440	1.453	1.433	4710000	-0.97
"Sep 09, 2016"	1.447	1.453	1.467	1.440	6190000	-0.89
"Sep 08, 2016"	1.460	1.447	1.480	1.447	11160000	0.90
"Sep 07, 2016"	1.447	1.467	1.467	1.447	13730000	-0.89
"Sep 06, 2016"	1.460	1.467	1.480	1.453	10270000	0.00
"Sep 05, 2016"	1.460	1.460	1.493	1.453	10610000	0.00
"Sep 02, 2016"	1.460	1.460	1.473	1.433	15800000	0.00
"Sep 01, 2016"	1.460	1.467	1.500	1.460	32340000	0.00
"Aug 30, 2016"	1.460	1.420	1.487	1.420	46430000	5.80
"Aug 29, 2016"	1.380	1.367	1.400	1.367	13800000	2.00
"Aug 26, 2016"	1.353	1.347	1.360	1.340	6310000	0.97
"Aug 25, 2016"	1.340	1.333	1.373	1.333	6610000	0.53
"Aug 24, 2016"	1.333	1.347	1.360	1.333	5650000	-1.04
"Aug 23, 2016"	1.347	1.360	1.380	1.347	7200000	-0.96
"Aug 22, 2016"	1.360	1.360	1.387	1.360	2750000	0.00
"Aug 19, 2016"	1.360	1.387	1.393	1.360	5570000	-1.45
"Aug 18, 2016"	1.380	1.387	1.400	1.373	3580000	0.51
"Aug 17, 2016"	1.373	1.380	1.400	1.373	6400000	0.44
"Aug 16, 2016"	1.367	1.353	1.420	1.353	20260000	0.51
"Aug 15, 2016"	1.360	1.387	1.387	1.353	4820000	-1.95
"Aug 12, 2016"	1.387	1.360	1.393	1.353	8860000	2.51
"Aug 11, 2016"	1.353	1.320	1.360	1.320	7100000	2.50
"Aug 10, 2016"	1.320	1.340	1.360	1.320	5740000	-2.00
"Aug 09, 2016"	1.347	1.367	1.373	1.333	8630000	-1.46
"Aug 08, 2016"	1.367	1.333	1.373	1.327	7830000	3.56
"Aug 05, 2016"	1.320	1.340	1.360	1.320	7940000	-0.53
"Aug 04, 2016"	1.327	1.367	1.367	1.313	4140000	-1.48
"Aug 03, 2016"	1.347	1.360	1.373	1.340	5110000	-0.44
"Aug 02, 2016"	1.353	1.387	1.400	1.353	8310000	-3.36
"Aug 01, 2016"	1.400	1.340	1.407	1.340	25000000	5.03
"Jul 29, 2016"	1.333	1.307	1.347	1.293	15990000	1.99
"Jul 28, 2016"	1.307	1.307	1.313	1.273	11200000	1.08
"Jul 27, 2016"	1.293	1.287	1.327	1.287	14150000	0.47
"Jul 26, 2016"	1.287	1.307	1.307	1.280	4290000	-1.98
"Jul 25, 2016"	1.313	1.267	1.313	1.267	18270000	5.29
"Jul 22, 2016"	1.247	1.193	1.260	1.187	21550000	4.53
"Jul 21, 2016"	1.193	1.213	1.220	1.193	13330000	-2.21
"Jul 20, 2016"	1.220	1.220	1.227	1.207	11840000	0.00
"Jul 19, 2016"	1.220	1.180	1.220	1.167	23930000	4.54
"Jul 18, 2016"	1.167	1.147	1.180	1.147	15640000	1.74
"Jul 15, 2016"	1.147	1.173	1.193	1.147	22900000	-2.22
"Jul 14, 2016"	1.173	1.213	1.213	1.173	19650000	-3.30
"Jul 13, 2016"	1.213	1.213	1.220	1.193	19880000	0.50
"Jul 12, 2016"	1.207	1.193	1.220	1.160	22320000	1.17
"Jul 11, 2016"	1.193	1.247	1.260	1.147	50990000	-4.33
"Jul 08, 2016"	1.247	1.267	1.280	1.233	16110000	-2.58
"Jul 05, 2016"	1.280	1.273	1.287	1.267	1870000	0.55
"Jul 04, 2016"	1.273	1.287	1.300	1.273	6240000	-1.09
"Jul 01, 2016"	1.287	1.313	1.313	1.280	7620000	-1.98
"Jun 30, 2016"	1.313	1.327	1.333	1.313	9370000	-0.53
"Jun 29, 2016"	1.320	1.320	1.340	1.307	11520000	0.00
"Jun 28, 2016"	1.320	1.313	1.327	1.300	3200000	-0.53
"Jun 27, 2016"	1.327	1.260	1.327	1.240	10900000	2.63
"Jun 24, 2016"	1.293	1.300	1.300	1.253	10570000	-0.54
"Jun 23, 2016"	1.300	1.327	1.333	1.287	10420000	-1.52
"Jun 21, 2016"	1.320	1.333	1.340	1.313	5360000	-1.49
"Jun 20, 2016"	1.340	1.367	1.367	1.327	5100000	-1.98
"Jun 17, 2016"	1.367	1.347	1.367	1.327	7700000	1.03
"Jun 16, 2016"	1.353	1.353	1.360	1.333	2330000	-0.51
"Jun 15, 2016"	1.360	1.360	1.367	1.347	5510000	-0.95
"Jun 14, 2016"	1.373	1.353	1.380	1.353	3860000	0.44
"Jun 13, 2016"	1.367	1.353	1.373	1.340	3760000	0.00
"Jun 10, 2016"	1.367	1.360	1.367	1.353	2660000	0.00
"Jun 09, 2016"	1.367	1.373	1.380	1.367	2110000	-0.44
"Jun 08, 2016"	1.373	1.380	1.400	1.367	4800000	-0.51
"Jun 07, 2016"	1.380	1.347	1.380	1.340	7930000	2.45
"Jun 06, 2016"	1.347	1.353	1.360	1.333	8710000	-1.46
"Jun 03, 2016"	1.367	1.380	1.380	1.360	10350000	-0.44
"Jun 02, 2016"	1.373	1.367	1.373	1.347	5400000	-0.51
"Jun 01, 2016"	1.380	1.393	1.407	1.373	1880000	-0.50
"May 31, 2016"	1.387	1.393	1.440	1.373	20340000	1.46
"May 30, 2016"	1.367	1.347	1.380	1.320	6950000	2.55
"May 27, 2016"	1.333	1.333	1.340	1.327	3860000	0.00
"May 26, 2016"	1.333	1.333	1.347	1.327	2860000	0.00
"May 25, 2016"	1.333	1.360	1.360	1.333	2280000	-1.99
"May 24, 2016"	1.360	1.347	1.360	1.333	3410000	0.52
"May 23, 2016"	1.353	1.327	1.353	1.327	3900000	1.96
"May 20, 2016"	1.327	1.313	1.333	1.313	3580000	0.53
"May 19, 2016"	1.320	1.333	1.340	1.313	5690000	-1.49
"May 18, 2016"	1.340	1.333	1.353	1.333	1920000	0.00
"May 17, 2016"	1.340	1.360	1.360	1.333	2820000	-1.47
"May 16, 2016"	1.360	1.353	1.373	1.320	9830000	0.00
"May 13, 2016"	1.360	1.353	1.380	1.333	18840000	1.49
"May 12, 2016"	1.340	1.287	1.353	1.280	38750000	5.76
"May 11, 2016"	1.267	1.273	1.287	1.260	9400000	-0.47
"May 10, 2016"	1.273	1.313	1.313	1.273	9990000	-2.08
"May 09, 2016"	1.300	1.313	1.327	1.300	5200000	-0.99
"May 06, 2016"	1.313	1.293	1.313	1.280	4240000	2.02
"May 05, 2016"	1.287	1.287	1.300	1.273	6490000	0.00
"May 04, 2016"	1.287	1.293	1.327	1.280	9450000	-1.00
"May 03, 2016"	1.300	1.347	1.353	1.287	8210000	-2.99
"Apr 29, 2016"	1.340	1.260	1.340	1.233	20100000	5.76
"Apr 28, 2016"	1.267	1.320	1.340	1.247	25210000	-3.50
"Apr 27, 2016"	1.313	1.347	1.353	1.300	18220000	-3.46
"Apr 26, 2016"	1.360	1.373	1.373	1.347	8260000	-0.51
"Apr 25, 2016"	1.367	1.367	1.387	1.367	4100000	-0.94
"Apr 22, 2016"	1.380	1.380	1.387	1.367	3180000	0.51
"Apr 21, 2016"	1.373	1.380	1.387	1.367	10590000	-0.51
"Apr 20, 2016"	1.380	1.380	1.380	1.373	4460000	0.00
"Apr 19, 2016"	1.380	1.380	1.387	1.367	6260000	0.00
"Apr 18, 2016"	1.380	1.387	1.393	1.373	5980000	0.00
"Apr 15, 2016"	1.380	1.407	1.407	1.380	4900000	-1.92
"Apr 14, 2016"	1.407	1.380	1.407	1.380	10660000	1.96
"Apr 13, 2016"	1.380	1.380	1.400	1.373	11100000	-0.50
"Apr 12, 2016"	1.387	1.393	1.400	1.380	7360000	-0.93
"Apr 11, 2016"	1.400	1.380	1.413	1.380	5110000	0.00
"Apr 08, 2016"	1.400	1.387	1.407	1.387	4130000	0.00
"Apr 07, 2016"	1.400	1.407	1.413	1.373	10900000	-0.50
"Apr 06, 2016"	1.407	1.420	1.420	1.393	8500000	0.00
"Apr 05, 2016"	1.407	1.413	1.420	1.407	9560000	-1.40
"Apr 04, 2016"	1.427	1.420	1.427	1.407	5820000	0.49
"Apr 01, 2016"	1.420	1.420	1.420	1.400	6680000	-0.49
"Mar 31, 2016"	1.427	1.400	1.427	1.387	21610000	1.42
"Mar 30, 2016"	1.407	1.360	1.413	1.353	14200000	3.46
"Mar 29, 2016"	1.360	1.360	1.373	1.347	11510000	0.00
"Mar 28, 2016"	1.360	1.367	1.367	1.347	6810000	-0.51
"Mar 25, 2016"	1.367	1.393	1.393	1.367	2210000	-1.44
"Mar 24, 2016"	1.387	1.387	1.393	1.373	12250000	-0.43
"Mar 23, 2016"	1.393	1.367	1.400	1.353	21750000	2.43
"Mar 22, 2016"	1.360	1.367	1.373	1.340	17210000	-0.51
"Mar 21, 2016"	1.367	1.353	1.380	1.340	16870000	1.48
"Mar 18, 2016"	1.347	1.340	1.360	1.327	18750000	0.00
"Mar 17, 2016"	1.347	1.327	1.347	1.320	13310000	2.05
"Mar 16, 2016"	1.320	1.333	1.353	1.320	21400000	-0.53
"Mar 15, 2016"	1.327	1.360	1.367	1.327	11640000	-2.43
"Mar 14, 2016"	1.360	1.373	1.373	1.340	9450000	-0.95
"Mar 11, 2016"	1.373	1.387	1.400	1.373	3880000	-1.01
"Mar 10, 2016"	1.387	1.420	1.420	1.380	15930000	-2.80
"Mar 09, 2016"	1.427	1.380	1.433	1.360	29520000	4.93
"Mar 08, 2016"	1.360	1.340	1.387	1.293	35780000	2.03
"Mar 07, 2016"	1.333	1.367	1.373	1.287	44520000	-1.99
"Mar 04, 2016"	1.360	1.427	1.433	1.327	44810000	-4.70
"Mar 03, 2016"	1.427	1.447	1.447	1.420	8810000	-0.42
"Mar 02, 2016"	1.433	1.420	1.447	1.407	13890000	1.85
"Mar 01, 2016"	1.407	1.447	1.453	1.393	15220000	-2.76
"Feb 29, 2016"	1.447	1.413	1.447	1.407	8680000	1.90
"Feb 26, 2016"	1.420	1.447	1.447	1.400	13400000	-1.39
"Feb 25, 2016"	1.440	1.440	1.453	1.427	12340000	-1.37
"Feb 24, 2016"	1.460	1.427	1.460	1.420	7550000	2.31
"Feb 23, 2016"	1.427	1.453	1.467	1.420	15150000	-0.90
"Feb 22, 2016"	1.440	1.380	1.447	1.380	20220000	4.88
"Feb 19, 2016"	1.373	1.460	1.460	1.360	46540000	-4.65
"Feb 18, 2016"	1.440	1.453	1.473	1.440	14820000	0.00
"Feb 17, 2016"	1.440	1.460	1.487	1.440	6280000	-2.24
"Feb 16, 2016"	1.473	1.487	1.493	1.440	16640000	-0.47
"Feb 15, 2016"	1.480	1.487	1.507	1.460	8540000	0.48
"Feb 12, 2016"	1.473	1.500	1.507	1.473	9690000	-1.34
"Feb 11, 2016"	1.493	1.500	1.520	1.487	5130000	-0.47
"Feb 10, 2016"	1.500	1.513	1.527	1.473	6840000	-0.86
"Feb 05, 2016"	1.513	1.533	1.533	1.500	5660000	-0.92
"Feb 04, 2016"	1.527	1.527	1.553	1.513	14830000	1.33
"Feb 03, 2016"	1.507	1.513	1.520	1.473	11200000	-0.40
"Feb 02, 2016"	1.513	1.527	1.547	1.507	15830000	-0.92
"Jan 29, 2016"	1.527	1.513	1.547	1.507	29180000	1.80
"Jan 28, 2016"	1.500	1.467	1.520	1.440	34780000	2.74
"Jan 27, 2016"	1.460	1.407	1.493	1.407	38460000	5.26
"Jan 26, 2016"	1.387	1.420	1.433	1.387	10850000	-1.42
"Jan 22, 2016"	1.407	1.393	1.440	1.393	12680000	2.48
"Jan 21, 2016"	1.373	1.420	1.447	1.360	17260000	-3.31
"Jan 20, 2016"	1.420	1.453	1.460	1.407	19430000	-2.74
"Jan 19, 2016"	1.460	1.433	1.460	1.413	15180000	1.88
"Jan 18, 2016"	1.433	1.400	1.447	1.353	27730000	1.42
"Jan 15, 2016"	1.413	1.480	1.480	1.413	23400000	-2.75
"Jan 14, 2016"	1.453	1.487	1.493	1.433	21500000	-3.13
"Jan 13, 2016"	1.500	1.520	1.527	1.480	9970000	0.00
"Jan 12, 2016"	1.500	1.553	1.567	1.500	17430000	-2.15
"Jan 11, 2016"	1.533	1.520	1.587	1.493	35640000	0.86
"Jan 08, 2016"	1.520	1.433	1.560	1.407	31500000	5.04
"Jan 07, 2016"	1.447	1.460	1.480	1.440	17560000	0.00
"Jan 06, 2016"	1.447	1.420	1.460	1.413	16460000	2.41
"Jan 05, 2016"	1.413	1.413	1.467	1.400	24630000	-0.28
"Jan 04, 2016"	1.417	1.457	1.467	1.403	18180000	-1.60
"Dec 31, 2015"	1.440	1.417	1.457	1.417	20700000	1.62
"Dec 30, 2015"	1.417	1.477	1.530	1.397	24690000	-2.75
"Dec 29, 2015"	1.457	1.390	1.480	1.390	18650000	5.58
"Dec 28, 2015"	1.380	1.330	1.397	1.330	17560000	3.99
"Dec 23, 2015"	1.327	1.327	1.330	1.313	6960000	0.00
"Dec 22, 2015"	1.327	1.327	1.337	1.307	10150000	0.00
"Dec 21, 2015"	1.327	1.320	1.347	1.307	9490000	1.84
"Dec 18, 2015"	1.303	1.290	1.320	1.280	22250000	1.24
"Dec 17, 2015"	1.287	1.240	1.300	1.240	31300000	4.63
"Dec 16, 2015"	1.230	1.200	1.237	1.200	17650000	3.36
"Dec 15, 2015"	1.190	1.173	1.190	1.173	6560000	1.71
"Dec 14, 2015"	1.170	1.200	1.200	1.170	7520000	-2.50
"Dec 11, 2015"	1.200	1.213	1.217	1.197	3750000	-0.25
"Dec 10, 2015"	1.203	1.223	1.223	1.200	4940000	-0.58
"Dec 09, 2015"	1.210	1.230	1.233	1.207	16460000	-1.63
"Dec 08, 2015"	1.230	1.227	1.250	1.207	16460000	0.82
"Dec 07, 2015"	1.220	1.193	1.223	1.190	16900000	2.52
"Dec 04, 2015"	1.190	1.203	1.230	1.167	18180000	-1.65
"Dec 03, 2015"	1.210	1.233	1.233	1.207	15150000	-1.87
"Dec 02, 2015"	1.233	1.220	1.240	1.203	13920000	1.65
"Dec 01, 2015"	1.213	1.133	1.217	1.133	18910000	6.68
"Nov 30, 2015"	1.137	1.170	1.173	1.113	26290000	-2.82
"Nov 27, 2015"	1.170	1.170	1.190	1.160	5480000	0.60
"Nov 26, 2015"	1.163	1.190	1.203	1.157	11440000	-1.69
"Nov 25, 2015"	1.183	1.167	1.230	1.163	23560000	1.72
"Nov 24, 2015"	1.163	1.193	1.193	1.160	7190000	-2.02
"Nov 23, 2015"	1.187	1.180	1.197	1.163	13910000	1.71
"Nov 20, 2015"	1.167	1.163	1.190	1.157	13690000	0.00
"Nov 19, 2015"	1.167	1.133	1.223	1.123	27210000	3.27
"Nov 18, 2015"	1.130	1.137	1.150	1.113	9100000	-0.62
"Nov 17, 2015"	1.137	1.103	1.150	1.103	25950000	3.36
"Nov 16, 2015"	1.100	1.070	1.107	1.037	23560000	2.14
"Nov 13, 2015"	1.077	1.087	1.090	1.073	6140000	-0.92
"Nov 12, 2015"	1.087	1.097	1.117	1.083	10350000	-1.18
"Nov 11, 2015"	1.100	1.110	1.120	1.090	15120000	0.00
"Nov 09, 2015"	1.100	1.120	1.157	1.090	29900000	-1.79
"Nov 06, 2015"	1.120	0.997	1.157	0.997	76290000	12.79
"Nov 05, 2015"	0.993	0.983	0.997	0.980	9150000	1.33
"Nov 04, 2015"	0.980	0.987	0.990	0.963	10590000	0.31
"Nov 03, 2015"	0.977	1.000	1.000	0.977	12800000	-1.61
"Nov 02, 2015"	0.993	0.993	1.003	0.980	16100000	0.61
"Oct 30, 2015"	0.987	0.973	0.997	0.973	11760000	1.44
"Oct 29, 2015"	0.973	0.973	1.000	0.960	25170000	1.04
"Oct 28, 2015"	0.963	0.953	0.987	0.937	17500000	1.05
"Oct 27, 2015"	0.953	0.953	0.957	0.943	5350000	0.00
"Oct 26, 2015"	0.953	0.960	0.980	0.950	13490000	0.00
"Oct 23, 2015"	0.953	0.943	0.963	0.933	15660000	2.14
"Oct 22, 2015"	0.933	0.943	0.943	0.930	6780000	-1.48
"Oct 21, 2015"	0.947	0.933	0.947	0.923	10670000	2.93
"Oct 20, 2015"	0.920	0.943	0.943	0.920	8160000	-1.81
"Oct 19, 2015"	0.937	0.923	0.940	0.917	11880000	1.08
"Oct 16, 2015"	0.927	0.917	0.930	0.913	10200000	1.09
"Oct 15, 2015"	0.917	0.933	0.933	0.910	22510000	-2.13
"Oct 13, 2015"	0.937	0.933	0.943	0.923	17160000	0.43
"Oct 12, 2015"	0.933	0.920	0.937	0.910	20540000	2.53
"Oct 09, 2015"	0.910	0.900	0.917	0.897	12870000	1.90
"Oct 08, 2015"	0.893	0.900	0.907	0.877	48360000	-1.54
"Oct 07, 2015"	0.907	0.933	0.937	0.900	35460000	-3.20
"Oct 06, 2015"	0.937	0.940	0.950	0.937	5100000	0.43
"Oct 05, 2015"	0.933	0.933	0.957	0.933	7530000	0.00
"Oct 02, 2015"	0.933	0.950	0.950	0.930	7260000	-1.79
"Oct 01, 2015"	0.950	0.937	0.953	0.933	7630000	1.39
"Sep 30, 2015"	0.937	0.903	0.943	0.903	13830000	3.31
"Sep 29, 2015"	0.907	0.920	0.920	0.900	5220000	-1.09
"Sep 28, 2015"	0.917	0.920	0.937	0.917	13440000	1.10
"Sep 25, 2015"	0.907	0.913	0.933	0.900	10500000	1.57
"Sep 23, 2015"	0.893	0.897	0.903	0.887	6220000	0.00
"Sep 22, 2015"	0.893	0.927	0.943	0.893	12400000	-3.67
"Sep 21, 2015"	0.927	0.947	0.960	0.923	17270000	-2.42
"Sep 18, 2015"	0.950	0.910	0.983	0.903	65370000	4.40
"Sep 17, 2015"	0.910	0.893	0.910	0.890	8370000	1.90
"Sep 15, 2015"	0.893	0.907	0.910	0.890	5420000	-0.78
"Sep 14, 2015"	0.900	0.883	0.903	0.883	13000000	1.93
"Sep 11, 2015"	0.883	0.880	0.897	0.877	18750000	0.68
"Sep 10, 2015"	0.877	0.860	0.880	0.860	16280000	1.98
"Sep 09, 2015"	0.860	0.873	0.877	0.860	26350000	-1.49
"Sep 08, 2015"	0.873	0.867	0.883	0.857	10600000	0.69
"Sep 07, 2015"	0.867	0.863	0.870	0.850	11460000	0.81
"Sep 04, 2015"	0.860	0.837	0.860	0.833	17910000	2.02
"Sep 03, 2015"	0.843	0.860	0.867	0.837	16190000	0.00
"Sep 02, 2015"	0.843	0.840	0.863	0.840	8430000	-2.77
"Sep 01, 2015"	0.867	0.867	0.883	0.857	11570000	0.00
"Aug 28, 2015"	0.867	0.880	0.883	0.853	7690000	-1.14
"Aug 27, 2015"	0.877	0.860	0.880	0.857	11820000	3.18
"Aug 26, 2015"	0.850	0.820	0.857	0.803	14150000	4.04
"Aug 25, 2015"	0.817	0.793	0.830	0.773	19710000	0.00
"Aug 24, 2015"	0.817	0.833	0.840	0.810	9700000	-4.22
"Aug 21, 2015"	0.853	0.843	0.857	0.833	6700000	0.35
"Aug 20, 2015"	0.850	0.847	0.860	0.837	16990000	0.35
"Aug 19, 2015"	0.847	0.857	0.867	0.843	7610000	-1.17
"Aug 18, 2015"	0.857	0.840	0.877	0.837	12630000	0.00
"Aug 17, 2015"	0.857	0.867	0.877	0.833	12600000	-2.94
"Aug 14, 2015"	0.883	0.893	0.897	0.850	21710000	-2.65
"Aug 13, 2015"	0.907	0.817	0.907	0.790	32160000	11.02
"Aug 12, 2015"	0.817	0.860	0.867	0.817	11300000	-6.41
"Aug 11, 2015"	0.873	0.863	0.877	0.853	14100000	0.69
"Aug 10, 2015"	0.867	0.883	0.883	0.850	11600000	-1.81
"Aug 07, 2015"	0.883	0.883	0.893	0.873	11350000	-1.89
"Aug 06, 2015"	0.900	0.910	0.920	0.887	10820000	-1.10
"Aug 05, 2015"	0.910	0.897	0.920	0.893	6440000	1.11
"Aug 04, 2015"	0.900	0.883	0.907	0.880	9920000	2.27
"Aug 03, 2015"	0.880	0.880	0.890	0.877	2740000	0.00
"Jul 31, 2015"	0.880	0.890	0.890	0.880	2980000	-1.12
"Jul 30, 2015"	0.890	0.883	0.893	0.880	5710000	0.79
"Jul 29, 2015"	0.883	0.883	0.890	0.877	13960000	0.00
"Jul 28, 2015"	0.883	0.897	0.897	0.873	28140000	-1.89
"Jul 27, 2015"	0.900	0.927	0.927	0.893	9610000	-2.91
"Jul 24, 2015"	0.927	0.933	0.937	0.917	11170000	-0.64
"Jul 23, 2015"	0.933	0.893	0.940	0.880	28700000	5.19
"Jul 22, 2015"	0.887	0.887	0.893	0.880	8100000	0.00
"Jul 21, 2015"	0.887	0.897	0.897	0.883	11980000	-0.67
"Jul 20, 2015"	0.893	0.897	0.907	0.880	12400000	0.00
"Jul 16, 2015"	0.893	0.897	0.897	0.883	1990000	-0.45
"Jul 15, 2015"	0.897	0.897	0.900	0.887	10440000	1.13
"Jul 14, 2015"	0.887	0.877	0.887	0.870	26700000	2.78
"Jul 13, 2015"	0.863	0.867	0.870	0.850	15320000	0.00
"Jul 10, 2015"	0.863	0.867	0.877	0.860	19850000	0.35
"Jul 09, 2015"	0.860	0.837	0.880	0.833	36400000	0.82
"Jul 08, 2015"	0.853	0.913	0.913	0.843	45530000	-6.57
"Jul 07, 2015"	0.913	0.920	0.940	0.903	16360000	0.00
"Jul 06, 2015"	0.913	0.917	0.917	0.893	22940000	-1.51
"Jul 03, 2015"	0.927	0.967	0.990	0.917	13440000	-2.42
"Jul 02, 2015"	0.950	0.983	1.010	0.950	17440000	-2.76
"Jul 01, 2015"	0.977	0.933	1.000	0.933	32930000	5.39
"Jun 30, 2015"	0.927	0.903	0.937	0.900	26750000	0.76
"Jun 29, 2015"	0.920	0.950	0.950	0.893	12170000	-4.17
"Jun 26, 2015"	0.960	0.930	0.967	0.917	37450000	2.89
"Jun 25, 2015"	0.933	0.907	0.933	0.887	32000000	3.32
"Jun 24, 2015"	0.903	0.870	0.920	0.870	26680000	3.79
"Jun 23, 2015"	0.870	0.883	0.893	0.860	20320000	-0.34
"Jun 22, 2015"	0.873	0.847	0.880	0.840	18670000	3.07
"Jun 19, 2015"	0.847	0.847	0.860	0.840	9300000	0.47
"Jun 18, 2015"	0.843	0.870	0.870	0.830	12190000	-2.77
"Jun 17, 2015"	0.867	0.827	0.870	0.823	15400000	5.73
"Jun 16, 2015"	0.820	0.837	0.837	0.800	14700000	-2.38
"Jun 15, 2015"	0.840	0.873	0.877	0.837	6610000	-3.78
"Jun 12, 2015"	0.873	0.893	0.893	0.870	6740000	-2.24
"Jun 11, 2015"	0.893	0.907	0.910	0.887	13490000	-0.78
"Jun 10, 2015"	0.900	0.920	0.940	0.880	22860000	-2.17
"Jun 09, 2015"	0.920	0.903	0.927	0.893	18890000	1.43
"Jun 08, 2015"	0.907	0.897	0.910	0.873	13630000	0.78
"Jun 05, 2015"	0.900	0.873	0.900	0.863	9400000	2.27
"Jun 04, 2015"	0.880	0.890	0.900	0.873	11900000	-1.46
"Jun 03, 2015"	0.893	0.893	0.917	0.877	16180000	0.00
"Jun 02, 2015"	0.893	0.860	0.910	0.860	40580000	4.20
"Jun 01, 2015"	0.857	0.840	0.860	0.827	16740000	3.63
"May 29, 2015"	0.827	0.813	0.827	0.803	3120000	1.72
"May 28, 2015"	0.813	0.813	0.820	0.803	7510000	-0.49
"May 27, 2015"	0.817	0.807	0.817	0.797	11580000	0.49
"May 26, 2015"	0.813	0.793	0.813	0.780	11350000	3.83
"May 25, 2015"	0.783	0.807	0.813	0.773	9980000	-2.49
"May 22, 2015"	0.803	0.803	0.813	0.797	8790000	0.00
"May 21, 2015"	0.803	0.823	0.823	0.800	7530000	-2.07
"May 20, 2015"	0.820	0.830	0.830	0.817	4700000	-0.36
"May 19, 2015"	0.823	0.817	0.830	0.810	6430000	1.60
"May 18, 2015"	0.810	0.823	0.827	0.810	9470000	-1.58
"May 15, 2015"	0.823	0.833	0.833	0.817	8270000	-1.67
"May 14, 2015"	0.837	0.833	0.843	0.830	6430000	1.21
"May 13, 2015"	0.827	0.823	0.833	0.820	7160000	0.49
"May 12, 2015"	0.823	0.840	0.840	0.807	24610000	-2.02
"May 11, 2015"	0.840	0.873	0.877	0.833	21100000	-3.11
"May 08, 2015"	0.867	0.850	0.877	0.840	15410000	2.85
"May 07, 2015"	0.843	0.823	0.843	0.810	11160000	2.43
"May 06, 2015"	0.823	0.860	0.863	0.813	18560000	-4.30
"May 05, 2015"	0.860	0.863	0.883	0.853	22800000	2.02
"Apr 30, 2015"	0.843	0.793	0.850	0.793	55410000	10.48
"Apr 29, 2015"	0.763	0.797	0.803	0.750	74720000	-3.78
"Apr 28, 2015"	0.793	0.830	0.833	0.787	44960000	-4.80
"Apr 27, 2015"	0.833	0.863	0.867	0.817	32180000	-3.14
"Apr 24, 2015"	0.860	0.887	0.887	0.850	17720000	-1.94
"Apr 23, 2015"	0.877	0.893	0.897	0.873	3440000	-1.79
"Apr 22, 2015"	0.893	0.870	0.900	0.870	14840000	3.48
"Apr 21, 2015"	0.863	0.863	0.877	0.860	15780000	0.35
"Apr 20, 2015"	0.860	0.867	0.883	0.860	9100000	-1.15
"Apr 17, 2015"	0.870	0.887	0.890	0.870	10960000	-2.25
"Apr 16, 2015"	0.890	0.857	0.890	0.857	33200000	5.58
"Apr 15, 2015"	0.843	0.843	0.853	0.837	28440000	0.36
"Apr 14, 2015"	0.840	0.853	0.853	0.833	15470000	-1.52
"Apr 13, 2015"	0.853	0.873	0.880	0.850	42540000	-1.16
"Apr 10, 2015"	0.863	0.867	0.883	0.837	50890000	-0.46
"Apr 09, 2015"	0.867	0.920	0.923	0.863	53730000	-6.07
"Apr 08, 2015"	0.923	0.953	0.963	0.923	14610000	-3.85
"Apr 07, 2015"	0.960	0.953	0.970	0.943	11290000	0.73
"Apr 06, 2015"	0.953	0.937	0.957	0.933	14260000	1.71
"Apr 03, 2015"	0.937	0.933	0.940	0.930	6500000	0.75
"Apr 02, 2015"	0.930	0.913	0.940	0.907	24530000	1.86
"Apr 01, 2015"	0.913	0.927	0.927	0.910	9510000	-1.83
"Mar 31, 2015"	0.930	0.937	0.937	0.923	10910000	-0.75
"Mar 30, 2015"	0.937	0.933	0.940	0.920	12430000	0.43
"Mar 27, 2015"	0.933	0.913	0.940	0.913	14180000	2.53
"Mar 26, 2015"	0.910	0.940	0.940	0.910	17950000	-3.19
"Mar 25, 2015"	0.940	0.973	0.973	0.920	47600000	-3.39
"Mar 24, 2015"	0.973	1.010	1.010	0.970	12200000	-4.33
"Mar 23, 2015"	1.017	0.983	1.023	0.980	19000000	4.52
"Mar 20, 2015"	0.973	0.943	0.973	0.940	10230000	1.67
"Mar 19, 2015"	0.957	0.940	0.960	0.940	7600000	1.48
"Mar 18, 2015"	0.943	0.940	0.943	0.930	12650000	0.32
"Mar 17, 2015"	0.940	0.953	0.957	0.940	9370000	-1.36
"Mar 16, 2015"	0.953	0.933	0.953	0.927	6660000	2.14
"Mar 13, 2015"	0.933	0.937	0.950	0.933	6950000	-0.43
"Mar 12, 2015"	0.937	0.927	0.940	0.927	7200000	1.08
"Mar 11, 2015"	0.927	0.917	0.943	0.913	12590000	0.43
"Mar 10, 2015"	0.923	0.920	0.940	0.920	8490000	0.33
"Mar 09, 2015"	0.920	0.950	0.950	0.917	7950000	-3.16
"Mar 06, 2015"	0.950	0.950	0.967	0.943	20600000	0.00
"Mar 05, 2015"	0.950	0.950	0.963	0.930	19560000	0.00
"Mar 04, 2015"	0.950	0.930	0.953	0.910	36100000	2.93
"Mar 03, 2015"	0.923	0.883	0.937	0.883	39250000	5.25
"Mar 02, 2015"	0.877	0.850	0.893	0.843	28800000	5.28
"Feb 27, 2015"	0.833	0.830	0.837	0.830	10400000	0.00
"Feb 26, 2015"	0.833	0.833	0.840	0.827	21130000	0.00
"Feb 25, 2015"	0.833	0.850	0.860	0.833	14460000	-1.65
"Feb 24, 2015"	0.847	0.833	0.847	0.833	9490000	1.68
"Feb 23, 2015"	0.833	0.833	0.840	0.830	19480000	1.22
"Feb 18, 2015"	0.823	0.830	0.833	0.820	3900000	-0.84
"Feb 17, 2015"	0.830	0.850	0.853	0.830	12720000	-2.01
"Feb 16, 2015"	0.847	0.813	0.853	0.813	15900000	3.67
"Feb 13, 2015"	0.817	0.827	0.833	0.810	15370000	-1.57
"Feb 12, 2015"	0.830	0.853	0.853	0.810	18150000	-2.70
"Feb 11, 2015"	0.853	0.867	0.867	0.847	3270000	-0.47
"Feb 10, 2015"	0.857	0.860	0.863	0.847	10780000	0.82
"Feb 09, 2015"	0.850	0.867	0.867	0.850	3650000	-1.96
"Feb 06, 2015"	0.867	0.867	0.870	0.857	10770000	0.46
"Feb 05, 2015"	0.863	0.870	0.877	0.857	4610000	-0.46
"Feb 04, 2015"	0.867	0.867	0.880	0.860	28420000	1.64
"Jan 30, 2015"	0.853	0.857	0.870	0.850	8680000	0.00
"Jan 29, 2015"	0.853	0.857	0.860	0.840	12580000	-1.61
"Jan 28, 2015"	0.867	0.873	0.893	0.857	22140000	-1.48
"Jan 27, 2015"	0.880	0.833	0.883	0.833	28670000	6.02
"Jan 26, 2015"	0.830	0.847	0.857	0.827	15250000	-2.01
"Jan 23, 2015"	0.847	0.873	0.877	0.840	16860000	-2.31
"Jan 22, 2015"	0.867	0.897	0.900	0.867	29280000	-2.58
"Jan 21, 2015"	0.890	0.867	0.890	0.857	28840000	3.49
"Jan 20, 2015"	0.860	0.827	0.883	0.827	85560000	3.99
"Jan 19, 2015"	0.827	0.840	0.840	0.817	16620000	-0.72
"Jan 16, 2015"	0.833	0.817	0.843	0.800	25650000	1.96
"Jan 15, 2015"	0.817	0.850	0.850	0.817	21310000	-2.74
"Jan 14, 2015"	0.840	0.847	0.853	0.830	21990000	0.36
"Jan 13, 2015"	0.837	0.853	0.890	0.820	30430000	-3.46
"Jan 12, 2015"	0.867	0.893	0.930	0.860	24510000	-2.58
"Jan 09, 2015"	0.890	0.923	0.980	0.883	58740000	-1.11
"Jan 08, 2015"	0.900	0.833	0.947	0.813	58130000	14.94
"Jan 07, 2015"	0.783	0.715	0.793	0.715	27970000	9.97
"Jan 06, 2015"	0.712	0.717	0.717	0.697	22280000	-1.39
"Jan 05, 2015"	0.722	0.708	0.725	0.703	24990000	3.14
"Jan 02, 2015"	0.700	0.705	0.708	0.700	4100000	-0.43
"Dec 31, 2014"	0.703	0.703	0.712	0.700	1360000	-0.28
"Dec 30, 2014"	0.705	0.718	0.728	0.697	27350000	-2.76
"Dec 29, 2014"	0.725	0.732	0.732	0.720	5510000	0.69
"Dec 26, 2014"	0.720	0.708	0.727	0.708	4350000	1.69
"Dec 24, 2014"	0.708	0.708	0.708	0.703	1250000	-0.28
"Dec 23, 2014"	0.710	0.712	0.712	0.705	9630000	1.00
"Dec 22, 2014"	0.703	0.715	0.717	0.702	4840000	-0.28
"Dec 19, 2014"	0.705	0.703	0.715	0.697	4370000	0.71
"Dec 18, 2014"	0.700	0.683	0.705	0.683	7890000	3.24
"Dec 17, 2014"	0.678	0.645	0.682	0.645	8950000	3.83
"Dec 16, 2014"	0.653	0.695	0.695	0.645	10780000	-6.04
"Dec 15, 2014"	0.695	0.722	0.722	0.687	23710000	-4.14
"Dec 12, 2014"	0.725	0.718	0.732	0.715	3980000	1.12
"Dec 11, 2014"	0.717	0.717	0.718	0.713	12730000	0.00
"Dec 10, 2014"	0.717	0.703	0.723	0.703	15550000	1.99
"Dec 09, 2014"	0.703	0.708	0.712	0.698	7290000	-0.71
"Dec 08, 2014"	0.708	0.707	0.715	0.707	14300000	1.87
"Dec 05, 2014"	0.695	0.693	0.700	0.692	4640000	0.29
"Dec 04, 2014"	0.693	0.707	0.707	0.692	3390000	-1.28
"Dec 03, 2014"	0.702	0.703	0.708	0.697	3500000	1.30
"Dec 02, 2014"	0.693	0.688	0.700	0.688	2610000	-33.04
"Dec 01, 2014"	1.035	1.052	1.067	1.032	9280000	-2.54
"Nov 28, 2014"	1.062	1.075	1.080	1.055	3950000	-1.21
"Nov 27, 2014"	1.075	1.055	1.080	1.052	6300000	1.90
"Nov 26, 2014"	1.055	1.087	1.095	1.052	3250000	-2.94
"Nov 25, 2014"	1.087	1.062	1.090	1.058	8150000	2.55
"Nov 24, 2014"	1.060	1.045	1.060	1.042	7620000	1.73
"Nov 21, 2014"	1.042	1.042	1.055	1.028	7290000	0.19
"Nov 20, 2014"	1.040	1.025	1.050	1.022	5190000	1.46
"Nov 19, 2014"	1.025	1.028	1.030	1.025	5830000	0.29
"Nov 18, 2014"	1.022	1.015	1.028	1.015	5750000	0.99
"Nov 17, 2014"	1.012	1.050	1.067	1.010	6130000	-2.69
"Nov 14, 2014"	1.040	1.000	1.042	0.995	7110000	4.00
"Nov 13, 2014"	1.000	1.010	1.025	0.990	5280000	-0.99
"Nov 12, 2014"	1.010	1.030	1.030	1.005	2490000	-1.94
"Nov 11, 2014"	1.030	1.042	1.050	1.012	3560000	-0.48
"Nov 10, 2014"	1.035	1.080	1.103	1.028	10940000	-4.43
"Nov 07, 2014"	1.083	1.022	1.093	1.022	12950000	7.02
"Nov 06, 2014"	1.012	1.010	1.032	1.008	6310000	0.70
"Nov 05, 2014"	1.005	0.993	1.018	0.993	7190000	2.03
"Nov 04, 2014"	0.985	0.988	0.995	0.978	2630000	0.00
"Nov 03, 2014"	0.985	1.005	1.012	0.983	2960000	-1.99
"Oct 31, 2014"	1.005	1.010	1.032	0.993	12590000	0.70
"Oct 30, 2014"	0.998	0.948	1.000	0.940	18150000	6.40
"Oct 29, 2014"	0.938	0.920	0.948	0.920	7600000	2.85
"Oct 28, 2014"	0.912	0.905	0.930	0.905	3900000	0.77
"Oct 27, 2014"	0.905	0.912	0.915	0.895	6100000	-0.77
"Oct 24, 2014"	0.912	0.948	0.955	0.905	11550000	-2.77
"Oct 23, 2014"	0.938	0.858	0.938	0.858	15500000	8.69
"Oct 21, 2014"	0.863	0.895	0.900	0.850	13330000	-3.58
"Oct 20, 2014"	0.895	0.877	0.907	0.877	19470000	3.47
"Oct 17, 2014"	0.865	0.790	0.865	0.790	16630000	12.05
"Oct 16, 2014"	0.772	0.812	0.812	0.752	16100000	-7.32
"Oct 15, 2014"	0.833	0.858	0.880	0.828	5790000	-2.00
"Oct 14, 2014"	0.850	0.870	0.873	0.848	11450000	-3.41
"Oct 13, 2014"	0.880	0.900	0.902	0.865	7590000	-3.51
"Oct 10, 2014"	0.912	0.905	0.922	0.885	18660000	-2.46
"Oct 09, 2014"	0.935	0.877	0.943	0.873	10590000	8.09
"Oct 08, 2014"	0.865	0.920	0.920	0.855	22210000	-5.67
"Oct 07, 2014"	0.917	0.938	0.960	0.912	7700000	-1.93
"Oct 03, 2014"	0.935	0.915	0.948	0.915	4540000	2.75
"Oct 02, 2014"	0.910	0.912	0.920	0.897	6500000	-1.30
"Oct 01, 2014"	0.922	0.943	0.943	0.910	6470000	-2.23
"Sep 30, 2014"	0.943	0.970	0.970	0.938	6240000	-2.78
"Sep 29, 2014"	0.970	0.985	0.988	0.965	9610000	0.00
"Sep 26, 2014"	0.970	0.953	1.005	0.940	22510000	1.25
"Sep 25, 2014"	0.958	0.865	0.965	0.865	29400000	11.66
"Sep 24, 2014"	0.858	0.810	0.858	0.807	6840000	6.58
"Sep 23, 2014"	0.805	0.820	0.820	0.802	985200	-1.83
"Sep 22, 2014"	0.820	0.820	0.820	0.810	2720000	0.00
"Sep 19, 2014"	0.820	0.800	0.820	0.795	6300000	2.50
"Sep 18, 2014"	0.800	0.795	0.802	0.790	2970000	0.00
"Sep 17, 2014"	0.800	0.818	0.823	0.795	6130000	-2.44
"Sep 15, 2014"	0.820	0.800	0.833	0.800	6400000	2.50
"Sep 12, 2014"	0.800	0.790	0.845	0.790	11840000	1.27
"Sep 11, 2014"	0.790	0.812	0.815	0.790	2680000	-2.71
"Sep 10, 2014"	0.812	0.825	0.825	0.810	5380000	-1.58
"Sep 09, 2014"	0.825	0.838	0.850	0.820	5270000	-1.79
"Sep 08, 2014"	0.840	0.860	0.868	0.830	14900000	-3.23
"Sep 05, 2014"	0.868	0.795	0.868	0.795	15200000	9.60
"Sep 04, 2014"	0.792	0.790	0.815	0.782	16190000	0.25
"Sep 03, 2014"	0.790	0.748	0.800	0.748	13970000	5.61
"Sep 02, 2014"	0.748	0.733	0.755	0.723	8110000	2.05
"Aug 29, 2014"	0.733	0.698	0.738	0.698	8500000	5.01
"Aug 28, 2014"	0.698	0.698	0.700	0.695	2960000	-0.29
"Aug 27, 2014"	0.700	0.705	0.710	0.700	5560000	-0.71
"Aug 26, 2014"	0.705	0.708	0.715	0.703	12640000	0.71
"Aug 25, 2014"	0.700	0.728	0.728	0.700	5160000	-4.50
"Aug 22, 2014"	0.733	0.725	0.740	0.725	3100000	0.41
"Aug 21, 2014"	0.730	0.728	0.735	0.728	720000	0.00
"Aug 20, 2014"	0.730	0.733	0.735	0.730	246000	-1.08
"Aug 19, 2014"	0.738	0.745	0.745	0.735	2320000	-0.67
"Aug 18, 2014"	0.743	0.745	0.745	0.738	4380000	-0.27
"Aug 15, 2014"	0.745	0.745	0.745	0.738	1280000	0.00
"Aug 14, 2014"	0.745	0.738	0.745	0.738	5590000	0.68
"Aug 13, 2014"	0.740	0.740	0.750	0.728	3940000	0.00
"Aug 12, 2014"	0.740	0.745	0.750	0.740	702000	-1.07
"Aug 11, 2014"	0.748	0.750	0.757	0.740	4960000	0.00
"Aug 08, 2014"	0.748	0.750	0.755	0.725	3620000	-0.27
"Aug 07, 2014"	0.750	0.735	0.752	0.725	6110000	3.45
"Aug 06, 2014"	0.725	0.733	0.733	0.715	2500000	0.28
"Aug 05, 2014"	0.723	0.728	0.728	0.718	3370000	0.00
"Aug 04, 2014"	0.723	0.723	0.725	0.720	1540000	-0.69
"Aug 01, 2014"	0.728	0.718	0.733	0.713	10450000	1.11
"Jul 31, 2014"	0.720	0.728	0.728	0.718	2740000	0.28
"Jul 30, 2014"	0.718	0.735	0.735	0.715	3730000	-1.64
"Jul 25, 2014"	0.730	0.743	0.743	0.723	1490000	-1.35
"Jul 24, 2014"	0.740	0.735	0.760	0.735	5100000	1.37
"Jul 23, 2014"	0.730	0.718	0.743	0.718	1320000	0.27
"Jul 22, 2014"	0.728	0.730	0.733	0.720	1140000	-0.27
"Jul 21, 2014"	0.730	0.725	0.735	0.723	1360000	0.69
"Jul 18, 2014"	0.725	0.715	0.728	0.705	3160000	0.28
"Jul 17, 2014"	0.723	0.748	0.748	0.723	1640000	-3.34
"Jul 16, 2014"	0.748	0.757	0.757	0.738	3720000	-0.53
"Jul 14, 2014"	0.752	0.750	0.762	0.750	741200	0.27
"Jul 11, 2014"	0.750	0.762	0.762	0.750	897600	-1.96
"Jul 10, 2014"	0.765	0.755	0.767	0.752	323200	2.00
"Jul 09, 2014"	0.750	0.770	0.777	0.745	2630000	-3.23
"Jul 08, 2014"	0.775	0.760	0.777	0.760	3440000	1.97
"Jul 07, 2014"	0.760	0.767	0.770	0.760	1690000	-0.91
"Jul 04, 2014"	0.767	0.762	0.767	0.762	3910000	0.66
"Jul 03, 2014"	0.762	0.765	0.765	0.760	4400000	-0.39
"Jul 02, 2014"	0.765	0.762	0.767	0.760	2590000	0.66
"Jul 01, 2014"	0.760	0.760	0.762	0.750	3790000	0.00
"Jun 30, 2014"	0.760	0.735	0.760	0.735	6190000	3.40
"Jun 27, 2014"	0.735	0.728	0.738	0.728	520400	-0.41
"Jun 26, 2014"	0.738	0.733	0.738	0.733	411200	0.00
"Jun 25, 2014"	0.738	0.720	0.738	0.720	4270000	2.07
"Jun 24, 2014"	0.723	0.723	0.725	0.715	513600	-0.69
"Jun 23, 2014"	0.728	0.700	0.738	0.700	8680000	4.00
"Jun 20, 2014"	0.700	0.710	0.710	0.690	1410000	-1.41
"Jun 19, 2014"	0.710	0.720	0.725	0.705	603200	-1.39
"Jun 18, 2014"	0.720	0.725	0.725	0.720	4320000	-0.69
"Jun 17, 2014"	0.725	0.735	0.740	0.725	6460000	-2.42
"Jun 16, 2014"	0.743	0.733	0.743	0.733	4840000	1.36
"Jun 13, 2014"	0.733	0.710	0.735	0.710	7850000	2.52
"Jun 12, 2014"	0.715	0.682	0.718	0.682	3600000	2.88
"Jun 11, 2014"	0.695	0.693	0.698	0.688	1390000	0.29
"Jun 10, 2014"	0.693	0.703	0.703	0.693	874000	-1.42
"Jun 09, 2014"	0.703	0.693	0.703	0.690	3770000	1.15
"Jun 06, 2014"	0.695	0.685	0.695	0.682	6360000	2.21
"Jun 05, 2014"	0.680	0.670	0.680	0.667	4200000	3.03
"Jun 04, 2014"	0.660	0.672	0.672	0.660	298400	-1.49
"Jun 03, 2014"	0.670	0.670	0.670	0.665	1260000	0.00
"Jun 02, 2014"	0.670	0.675	0.675	0.667	1230000	-0.74
"May 30, 2014"	0.675	0.662	0.675	0.647	2590000	1.96
"May 29, 2014"	0.662	0.645	0.670	0.645	2780000	3.92
"May 28, 2014"	0.637	0.637	0.647	0.635	581600	-0.78
"May 27, 2014"	0.642	0.635	0.642	0.635	360800	0.00
"May 26, 2014"	0.642	0.642	0.645	0.635	2130000	-1.23
"May 23, 2014"	0.650	0.647	0.652	0.637	1200000	0.46
"May 22, 2014"	0.647	0.645	0.647	0.645	896400	0.00
"May 21, 2014"	0.647	0.647	0.652	0.637	2340000	0.00
"May 20, 2014"	0.647	0.662	0.662	0.637	3970000	-1.52
"May 19, 2014"	0.657	0.657	0.665	0.642	2710000	-0.45
"May 16, 2014"	0.660	0.662	0.662	0.650	3280000	-0.75
"May 15, 2014"	0.665	0.677	0.677	0.662	4180000	-2.49
"May 14, 2014"	0.682	0.680	0.688	0.677	1680000	-0.87
"May 12, 2014"	0.688	0.688	0.690	0.685	5560000	-0.29
"May 09, 2014"	0.690	0.690	0.695	0.685	1540000	0.29
"May 08, 2014"	0.688	0.675	0.698	0.675	3100000	0.88
"May 07, 2014"	0.682	0.680	0.685	0.675	765200	0.29
"May 06, 2014"	0.680	0.672	0.682	0.662	698800	0.74
"May 05, 2014"	0.675	0.662	0.677	0.660	2370000	1.96
"May 02, 2014"	0.662	0.690	0.690	0.660	1800000	-4.06
"Apr 30, 2014"	0.690	0.642	0.690	0.637	8260000	7.48
"Apr 29, 2014"	0.642	0.652	0.657	0.632	7810000	-1.23
"Apr 28, 2014"	0.650	0.672	0.672	0.650	2850000	-4.41
"Apr 25, 2014"	0.680	0.690	0.690	0.672	975600	-1.88
"Apr 24, 2014"	0.693	0.685	0.693	0.675	1730000	0.73
"Apr 23, 2014"	0.688	0.688	0.693	0.685	3770000	0.00
"Apr 22, 2014"	0.688	0.680	0.703	0.680	5000000	1.93
"Apr 21, 2014"	0.675	0.662	0.680	0.655	2910000	1.96
"Apr 18, 2014"	0.662	0.657	0.662	0.642	3140000	0.76
"Apr 17, 2014"	0.657	0.650	0.657	0.637	5100000	1.08
"Apr 16, 2014"	0.650	0.645	0.650	0.627	7410000	1.25
"Apr 15, 2014"	0.642	0.620	0.650	0.595	33970000	5.59
"Apr 14, 2014"	0.608	0.650	0.650	0.590	33110000	-6.75
"Apr 11, 2014"	0.652	0.685	0.685	0.642	18280000	-5.23
"Apr 10, 2014"	0.688	0.695	0.700	0.680	2730000	-0.29
"Apr 09, 2014"	0.690	0.690	0.693	0.688	1310000	0.29
"Apr 08, 2014"	0.688	0.688	0.698	0.688	2400000	0.00
"Apr 07, 2014"	0.688	0.708	0.708	0.688	4660000	-2.82
"Apr 04, 2014"	0.708	0.713	0.713	0.705	1140000	-0.70
"Apr 03, 2014"	0.713	0.715	0.715	0.708	1620000	-0.28
"Apr 02, 2014"	0.715	0.710	0.715	0.708	814400	0.99
"Apr 01, 2014"	0.708	0.708	0.713	0.708	1250000	0.00
"Mar 31, 2014"	0.708	0.715	0.715	0.708	1480000	-1.67
"Mar 28, 2014"	0.720	0.715	0.725	0.715	192400	-0.69
"Mar 27, 2014"	0.725	0.713	0.725	0.710	3250000	1.68
"Mar 26, 2014"	0.713	0.708	0.715	0.705	1250000	0.42
"Mar 25, 2014"	0.710	0.720	0.723	0.710	1340000	-1.39
"Mar 24, 2014"	0.720	0.710	0.720	0.710	1500000	1.41
"Mar 21, 2014"	0.710	0.705	0.720	0.705	2700000	0.28
"Mar 20, 2014"	0.708	0.710	0.715	0.705	1110000	-0.70
"Mar 19, 2014"	0.713	0.725	0.725	0.710	4200000	-1.66
"Mar 18, 2014"	0.725	0.720	0.725	0.713	755200	1.40
"Mar 17, 2014"	0.715	0.720	0.720	0.713	475200	-1.38
"Mar 14, 2014"	0.725	0.720	0.725	0.715	1170000	0.69
"Mar 13, 2014"	0.720	0.738	0.738	0.718	3890000	-2.44
"Mar 12, 2014"	0.738	0.723	0.738	0.723	8850000	1.79
"Mar 11, 2014"	0.725	0.713	0.728	0.713	3520000	1.40
"Mar 10, 2014"	0.715	0.723	0.723	0.713	2400000	-1.11
"Mar 07, 2014"	0.723	0.720	0.730	0.720	3630000	0.42
"Mar 06, 2014"	0.720	0.723	0.725	0.718	18550000	-0.41
"Mar 05, 2014"	0.723	0.710	0.723	0.708	7450000	1.83
"Mar 04, 2014"	0.710	0.720	0.720	0.710	3800000	-1.39
"Mar 03, 2014"	0.720	0.728	0.733	0.715	3450000	-1.10
"Feb 28, 2014"	0.728	0.723	0.728	0.720	1770000	0.00
"Feb 27, 2014"	0.728	0.733	0.733	0.723	2950000	-0.27
"Feb 26, 2014"	0.730	0.733	0.733	0.720	2740000	0.69
"Feb 25, 2014"	0.725	0.733	0.738	0.720	7700000	0.69
"Feb 24, 2014"	0.720	0.723	0.733	0.715	2140000	-0.69
"Feb 21, 2014"	0.725	0.720	0.725	0.720	1740000	0.00
"Feb 20, 2014"	0.725	0.725	0.725	0.715	4590000	0.00
"Feb 19, 2014"	0.725	0.725	0.728	0.723	4220000	0.00
"Feb 18, 2014"	0.725	0.738	0.740	0.725	3200000	-1.76
"Feb 17, 2014"	0.738	0.743	0.743	0.720	3870000	0.00
"Feb 14, 2014"	0.738	0.738	0.745	0.728	29200000	2.07
"Feb 13, 2014"	0.723	0.698	0.723	0.695	4630000	3.29
"Feb 12, 2014"	0.700	0.715	0.718	0.695	3290000	-2.10
"Feb 11, 2014"	0.715	0.718	0.720	0.715	1320000	-0.69
"Feb 10, 2014"	0.720	0.728	0.728	0.715	4700000	-0.69
"Feb 07, 2014"	0.725	0.725	0.728	0.715	5620000	0.97
"Feb 06, 2014"	0.718	0.708	0.730	0.708	12560000	2.13
"Feb 05, 2014"	0.703	0.685	0.705	0.685	6160000	3.08
"Feb 04, 2014"	0.682	0.675	0.688	0.672	9650000	2.56
"Jan 30, 2014"	0.665	0.675	0.675	0.662	5490000	-1.77
"Jan 29, 2014"	0.677	0.667	0.682	0.667	12480000	1.80
"Jan 28, 2014"	0.665	0.672	0.680	0.660	8210000	-1.04
"Jan 27, 2014"	0.672	0.703	0.703	0.665	7780000	-5.35
"Jan 24, 2014"	0.710	0.725	0.725	0.708	2890000	-2.07
"Jan 23, 2014"	0.725	0.738	0.738	0.715	11800000	-1.76
"Jan 22, 2014"	0.738	0.750	0.750	0.735	4180000	-2.25
"Jan 21, 2014"	0.755	0.757	0.760	0.750	6220000	0.00
"Jan 20, 2014"	0.755	0.755	0.760	0.745	11900000	0.67
"Jan 16, 2014"	0.750	0.748	0.752	0.745	5740000	0.67
"Jan 15, 2014"	0.745	0.738	0.755	0.723	15570000	1.64
"Jan 13, 2014"	0.733	0.710	0.733	0.710	7280000	3.53
"Jan 10, 2014"	0.708	0.705	0.710	0.703	2160000	0.43
"Jan 09, 2014"	0.705	0.698	0.715	0.698	4580000	1.00
"Jan 08, 2014"	0.698	0.713	0.713	0.685	5230000	-2.38
"Jan 07, 2014"	0.715	0.705	0.718	0.705	2520000	1.71
"Jan 06, 2014"	0.703	0.685	0.730	0.685	8740000	5.71
"Jan 03, 2014"	0.665	0.677	0.677	0.662	2780000	-1.77
"Jan 02, 2014"	0.677	0.662	0.685	0.662	4790000	1.80
"Dec 31, 2013"	0.665	0.660	0.675	0.655	2840000	1.53
"Dec 30, 2013"	0.655	0.660	0.662	0.650	1810000	-0.30
"Dec 27, 2013"	0.657	0.645	0.660	0.645	2650000	1.86
"Dec 26, 2013"	0.645	0.645	0.647	0.640	907600	0.47
"Dec 24, 2013"	0.642	0.640	0.655	0.640	2420000	0.00
"Dec 23, 2013"	0.642	0.650	0.660	0.640	3340000	-1.23
"Dec 20, 2013"	0.650	0.647	0.667	0.647	3480000	0.78
"Dec 19, 2013"	0.645	0.650	0.655	0.645	2420000	-0.77
"Dec 18, 2013"	0.650	0.640	0.650	0.637	2440000	1.56
"Dec 17, 2013"	0.640	0.635	0.655	0.635	4780000	0.79
"Dec 16, 2013"	0.635	0.635	0.642	0.630	3870000	0.00
"Dec 13, 2013"	0.635	0.642	0.647	0.635	4620000	-1.55
"Dec 12, 2013"	0.645	0.642	0.655	0.632	4710000	-0.31
"Dec 11, 2013"	0.647	0.655	0.655	0.647	3540000	-1.22
"Dec 10, 2013"	0.655	0.650	0.662	0.642	6500000	0.77
"Dec 09, 2013"	0.650	0.620	0.650	0.620	9590000	-47.37
"Dec 06, 2013"	1.235	1.240	1.250	1.225	1780000	-0.40
"Dec 05, 2013"	1.240	1.240	1.250	1.225	2200000	0.00
"Dec 04, 2013"	1.240	1.240	1.255	1.235	1590000	-0.80
"Dec 03, 2013"	1.250	1.240	1.270	1.235	1770000	0.81
"Dec 02, 2013"	1.240	1.260	1.260	1.235	1130000	-1.59
"Nov 29, 2013"	1.260	1.260	1.285	1.240	4750000	0.00
"Nov 28, 2013"	1.260	1.300	1.300	1.255	6910000	-1.56
"Nov 27, 2013"	1.280	1.240	1.335	1.215	8970000	1.59
"Nov 26, 2013"	1.260	1.185	1.260	1.185	6800000	6.33
"Nov 25, 2013"	1.185	1.210	1.220	1.185	886800	-1.66
"Nov 22, 2013"	1.205	1.195	1.220	1.195	1860000	1.26
"Nov 21, 2013"	1.190	1.215	1.215	1.170	1130000	-2.06
"Nov 20, 2013"	1.215	1.205	1.220	1.200	1140000	0.83
"Nov 19, 2013"	1.205	1.215	1.230	1.200	1450000	-0.41
"Nov 18, 2013"	1.210	1.250	1.250	1.205	2550000	-2.81
"Nov 15, 2013"	1.245	1.215	1.255	1.200	5360000	3.32
"Nov 14, 2013"	1.205	1.120	1.205	1.120	3730000	7.59
"Nov 13, 2013"	1.120	1.155	1.160	1.120	2980000	-3.03
"Nov 12, 2013"	1.155	1.170	1.170	1.150	1810000	-0.86
"Nov 11, 2013"	1.165	1.200	1.200	1.165	4320000	-2.51
"Nov 08, 2013"	1.195	1.185	1.200	1.180	1180000	0.84
"Nov 07, 2013"	1.185	1.180	1.190	1.165	4120000	0.85
"Nov 06, 2013"	1.175	1.195	1.210	1.165	3660000	-1.67
"Nov 04, 2013"	1.195	1.165	1.205	1.160	5300000	2.58
"Nov 01, 2013"	1.165	1.160	1.190	1.150	3240000	0.43
"Oct 31, 2013"	1.160	1.220	1.220	1.150	8410000	-4.92
"Oct 30, 2013"	1.220	1.300	1.310	1.220	7570000	-4.69
"Oct 29, 2013"	1.280	1.215	1.290	1.215	16400000	7.11
"Oct 28, 2013"	1.195	1.165	1.195	1.150	7790000	6.22
"Oct 25, 2013"	1.125	1.100	1.160	1.100	10330000	2.27
"Oct 24, 2013"	1.100	1.080	1.105	1.050	7440000	2.80
"Oct 23, 2013"	1.070	1.025	1.080	1.025	9900000	5.42
"Oct 22, 2013"	1.015	1.010	1.025	1.005	3600000	1.00
"Oct 21, 2013"	1.005	1.010	1.010	0.995	2960000	0.00
"Oct 18, 2013"	1.005	1.010	1.010	0.990	3260000	-0.50
"Oct 17, 2013"	1.010	1.000	1.020	0.990	8780000	4.12
"Oct 16, 2013"	0.970	0.960	0.970	0.960	1430000	1.04
"Oct 14, 2013"	0.960	0.975	0.975	0.955	1100000	-1.03
"Oct 11, 2013"	0.970	0.970	0.975	0.960	6200000	0.52
"Oct 10, 2013"	0.965	0.945	0.975	0.945	5470000	2.12
"Oct 09, 2013"	0.945	0.950	0.950	0.940	1720000	-0.53
"Oct 08, 2013"	0.950	0.950	0.955	0.945	7530000	-0.52
"Oct 07, 2013"	0.955	0.975	0.975	0.955	5380000	-1.55
"Oct 04, 2013"	0.970	0.970	0.975	0.965	4530000	0.00
"Oct 03, 2013"	0.970	0.970	0.975	0.965	2850000	-0.51
"Oct 02, 2013"	0.975	0.975	0.980	0.970	2600000	0.00
"Oct 01, 2013"	0.975	0.975	0.980	0.960	2950000	-0.51
"Sep 30, 2013"	0.980	0.975	0.980	0.965	2100000	0.51
"Sep 27, 2013"	0.975	0.985	0.985	0.970	324200	-0.51
"Sep 26, 2013"	0.980	0.975	0.980	0.975	396000	0.00
"Sep 25, 2013"	0.980	0.975	0.980	0.970	1590000	0.00
"Sep 24, 2013"	0.980	0.985	0.985	0.975	3220000	-0.51
"Sep 23, 2013"	0.985	0.975	0.985	0.975	915200	-0.51
"Sep 20, 2013"	0.990	0.990	0.990	0.980	3200000	0.51
"Sep 19, 2013"	0.985	0.985	0.990	0.980	12740000	1.03
"Sep 18, 2013"	0.975	0.975	0.975	0.965	1400000	0.52
"Sep 17, 2013"	0.970	0.965	0.985	0.960	6310000	1.57
"Sep 13, 2013"	0.955	0.950	0.965	0.945	978600	-0.52
"Sep 12, 2013"	0.960	0.955	0.965	0.950	743400	0.52
"Sep 11, 2013"	0.955	0.970	0.975	0.945	6290000	0.00
"Sep 10, 2013"	0.955	0.955	0.985	0.925	21760000	1.06
"Sep 09, 2013"	0.945	0.940	0.950	0.935	1900000	1.61
"Sep 06, 2013"	0.930	0.940	0.940	0.920	973600	-0.53
"Sep 05, 2013"	0.935	0.945	0.955	0.930	3000000	0.00
"Sep 04, 2013"	0.935	0.950	0.960	0.930	10500000	-1.06
"Sep 03, 2013"	0.945	0.925	0.970	0.915	8410000	4.42
"Sep 02, 2013"	0.905	0.905	0.905	0.890	1750000	-1.09
"Aug 30, 2013"	0.915	0.930	0.935	0.890	3000000	-0.54
"Aug 29, 2013"	0.920	0.935	0.940	0.920	4000000	0.55
"Aug 28, 2013"	0.915	0.820	0.915	0.800	8600000	9.58
"Aug 27, 2013"	0.835	0.915	0.915	0.815	13670000	-8.24
"Aug 26, 2013"	0.910	0.935	0.940	0.910	2760000	-2.15
"Aug 23, 2013"	0.930	0.935	0.950	0.920	5460000	0.54
"Aug 22, 2013"	0.925	0.970	0.975	0.905	11630000	-5.13
"Aug 21, 2013"	0.975	0.980	0.990	0.965	2390000	-0.51
"Aug 20, 2013"	0.980	1.045	1.045	0.965	6850000	-5.77
"Aug 19, 2013"	1.040	1.015	1.050	1.010	7000000	4.00
"Aug 16, 2013"	1.000	0.940	1.000	0.935	5160000	5.26
"Aug 15, 2013"	0.950	0.960	0.970	0.950	2340000	-1.55
"Aug 14, 2013"	0.965	0.970	0.985	0.965	1130000	-0.52
"Aug 13, 2013"	0.970	0.985	0.995	0.970	2990000	-1.52
"Aug 12, 2013"	0.985	1.005	1.005	0.980	1890000	-1.99
"Aug 07, 2013"	1.005	0.995	1.010	0.985	1980000	1.01
"Aug 06, 2013"	0.995	0.955	1.010	0.950	4740000	4.19
"Aug 05, 2013"	0.955	0.935	0.965	0.930	1800000	1.60
"Aug 02, 2013"	0.940	0.950	0.965	0.940	2200000	-0.53
"Aug 01, 2013"	0.945	0.910	0.950	0.910	2390000	3.85
"Jul 31, 2013"	0.910	0.930	0.930	0.910	3560000	-2.15
"Jul 30, 2013"	0.930	0.940	0.945	0.920	4920000	-0.53
"Jul 29, 2013"	0.935	0.950	0.960	0.930	2120000	-1.06
"Jul 26, 2013"	0.945	0.975	0.980	0.930	6230000	-3.08
"Jul 25, 2013"	0.975	0.935	0.985	0.925	11430000	4.28
"Jul 24, 2013"	0.935	0.940	0.940	0.920	2200000	0.00
"Jul 23, 2013"	0.935	0.940	0.950	0.920	6300000	0.00
"Jul 22, 2013"	0.935	0.975	0.990	0.920	9310000	-3.61
"Jul 19, 2013"	0.970	1.010	1.020	0.965	3690000	-3.00
"Jul 18, 2013"	1.000	0.960	1.020	0.960	7490000	5.26
"Jul 17, 2013"	0.950	1.040	1.040	0.945	15740000	-8.65
"Jul 16, 2013"	1.040	1.090	1.095	1.035	11730000	-5.88
"Jul 15, 2013"	1.105	0.985	1.110	0.970	12220000	13.33
"Jul 12, 2013"	0.975	0.925	0.985	0.925	8810000	5.98
"Jul 11, 2013"	0.920	0.920	0.925	0.910	1980000	0.55
"Jul 10, 2013"	0.915	0.920	0.950	0.910	3630000	0.00
"Jul 09, 2013"	0.915	0.880	0.935	0.880	7410000	3.39
"Jul 08, 2013"	0.885	0.885	0.910	0.880	5530000	0.57
"Jul 05, 2013"	0.880	0.865	0.900	0.860	5980000	2.33
"Jul 04, 2013"	0.860	0.800	0.880	0.800	9920000	8.86
"Jul 03, 2013"	0.790	0.760	0.825	0.760	6910000	3.27
"Jul 02, 2013"	0.765	0.755	0.770	0.755	1190000	0.66
"Jul 01, 2013"	0.760	0.775	0.775	0.755	3180000	-1.94
"Jun 28, 2013"	0.775	0.775	0.785	0.765	2220000	0.65
"Jun 27, 2013"	0.770	0.780	0.790	0.765	2600000	0.00
"Jun 26, 2013"	0.770	0.770	0.780	0.765	1840000	0.65
"Jun 25, 2013"	0.765	0.760	0.780	0.745	5340000	0.00
"Jun 24, 2013"	0.765	0.820	0.820	0.760	4640000	-6.71
"Jun 21, 2013"	0.820	0.755	0.835	0.740	8100000	7.89
"Jun 20, 2013"	0.760	0.765	0.765	0.755	3470000	-1.30
"Jun 19, 2013"	0.770	0.770	0.775	0.755	2820000	0.65
"Jun 18, 2013"	0.765	0.760	0.765	0.750	2140000	0.66
"Jun 17, 2013"	0.760	0.750	0.760	0.750	1500000	0.66
"Jun 14, 2013"	0.755	0.770	0.775	0.740	5380000	2.72
"Jun 13, 2013"	0.735	0.785	0.785	0.710	9100000	-6.96
"Jun 12, 2013"	0.790	0.830	0.850	0.785	7450000	-5.95
"Jun 11, 2013"	0.840	0.770	0.840	0.770	8420000	9.09
"Jun 10, 2013"	0.770	0.785	0.805	0.760	5700000	-3.14
"Jun 07, 2013"	0.795	0.660	0.795	0.660	18700000	21.37
"Jun 06, 2013"	0.655	0.655	0.675	0.650	3960000	0.00
"Jun 05, 2013"	0.655	0.655	0.660	0.655	1310000	-0.76
"Jun 04, 2013"	0.660	0.660	0.665	0.655	1180000	-2.22
"Jun 03, 2013"	0.675	0.670	0.680	0.655	3430000	0.00
"May 31, 2013"	0.675	0.665	0.680	0.660	2800000	0.75
"May 30, 2013"	0.670	0.675	0.675	0.660	1590000	-0.74
"May 29, 2013"	0.675	0.675	0.700	0.670	1110000	0.00
"May 28, 2013"	0.675	0.645	0.685	0.645	2810000	4.65
"May 27, 2013"	0.645	0.655	0.655	0.645	1650000	-0.77
"May 23, 2013"	0.650	0.660	0.675	0.640	2180000	-1.52
"May 22, 2013"	0.660	0.690	0.690	0.655	3230000	-4.35
"May 21, 2013"	0.690	0.695	0.700	0.680	3900000	0.00
"May 20, 2013"	0.690	0.670	0.695	0.655	5800000	3.76
"May 17, 2013"	0.665	0.670	0.670	0.655	1640000	0.00
"May 16, 2013"	0.665	0.675	0.685	0.645	5790000	0.00
"May 15, 2013"	0.665	0.615	0.675	0.615	8250000	8.13
"May 14, 2013"	0.615	0.615	0.620	0.600	3550000	-0.81
"May 13, 2013"	0.620	0.600	0.620	0.600	4400000	5.08
"May 10, 2013"	0.590	0.625	0.640	0.585	11290000	-6.35
"May 09, 2013"	0.630	0.535	0.640	0.535	15370000	21.15
"May 08, 2013"	0.520	0.540	0.540	0.510	7250000	-3.70
"May 07, 2013"	0.540	0.480	0.555	0.472	19730000	13.21
"May 06, 2013"	0.477	0.445	0.480	0.443	15740000	13.57
"May 03, 2013"	0.420	0.403	0.427	0.403	4600000	1.94
"May 02, 2013"	0.412	0.417	0.417	0.405	2900000	-1.20
"Apr 30, 2013"	0.417	0.425	0.425	0.417	2580000	-1.88
"Apr 29, 2013"	0.425	0.435	0.435	0.425	4870000	-2.97
"Apr 26, 2013"	0.438	0.435	0.438	0.430	2230000	0.69
"Apr 25, 2013"	0.435	0.432	0.435	0.427	1190000	0.00
"Apr 24, 2013"	0.435	0.435	0.443	0.432	705400	0.69
"Apr 23, 2013"	0.432	0.445	0.448	0.430	2790000	-2.92
"Apr 22, 2013"	0.445	0.453	0.460	0.443	7500000	-1.11
"Apr 19, 2013"	0.450	0.438	0.453	0.432	10470000	4.65
"Apr 18, 2013"	0.430	0.420	0.432	0.420	1220000	2.38
"Apr 17, 2013"	0.420	0.417	0.422	0.417	702800	0.72
"Apr 16, 2013"	0.417	0.415	0.417	0.412	360600	0.00
"Apr 15, 2013"	0.417	0.420	0.422	0.415	438000	-0.71
"Apr 12, 2013"	0.420	0.425	0.427	0.420	1930000	-2.33
"Apr 11, 2013"	0.430	0.427	0.432	0.427	1110000	0.00
"Apr 10, 2013"	0.430	0.430	0.432	0.425	949800	-1.15
"Apr 09, 2013"	0.435	0.440	0.445	0.432	2140000	0.00
"Apr 08, 2013"	0.435	0.427	0.440	0.422	6710000	2.35
"Apr 05, 2013"	0.425	0.412	0.425	0.412	3990000	3.16
"Apr 04, 2013"	0.412	0.412	0.412	0.407	795200	0.49
"Apr 03, 2013"	0.410	0.420	0.420	0.398	2960000	-1.20
"Apr 02, 2013"	0.415	0.412	0.425	0.410	3310000	1.22
"Apr 01, 2013"	0.410	0.405	0.410	0.403	436600	0.74
"Mar 29, 2013"	0.407	0.400	0.407	0.400	1100000	1.75
"Mar 28, 2013"	0.400	0.400	0.403	0.400	146000	0.00
"Mar 27, 2013"	0.400	0.398	0.403	0.395	658400	0.50
"Mar 26, 2013"	0.398	0.400	0.400	0.395	733000	0.00
"Mar 25, 2013"	0.398	0.395	0.400	0.395	445800	1.27
"Mar 22, 2013"	0.393	0.395	0.400	0.393	714000	-1.26
"Mar 21, 2013"	0.398	0.390	0.400	0.390	373000	-0.50
"Mar 20, 2013"	0.400	0.400	0.405	0.398	375200	0.00
"Mar 19, 2013"	0.400	0.395	0.400	0.395	344000	0.00
"Mar 18, 2013"	0.400	0.400	0.400	0.395	217200	-0.74
"Mar 15, 2013"	0.403	0.407	0.412	0.400	1290000	-0.98
"Mar 14, 2013"	0.407	0.398	0.415	0.395	3910000	3.56
"Mar 13, 2013"	0.393	0.398	0.400	0.393	727600	-2.48
"Mar 12, 2013"	0.403	0.395	0.405	0.395	3180000	2.54
